aplc1,aplr627,C,ex338,60,Expect attorney clear need land detail.
aplc2,aplr301,A,ex132,30,Show fish simple what if.
aplc3,aplr942,D,ex390,30,Sing movement high carry marriage these meet.
aplc4,aplr443,A,ex216,30,Wide old natural model sister week human stop.
aplc5,aplr231,D,ex358,90,Form difficult commercial enough quite because.
aplc6,aplr498,C,ex310,60,Push tree stop season.
aplc7,aplr443,P,ex237,90,Happy phone politics important whose cup senior these.
aplc8,aplr431,D,ex237,90,Economic position draw to.
aplc9,aplr17,P,ex158,90,Dark include despite easy itself week can.
aplc10,aplr348,P,ex307,30,Some success job physical card appear.
aplc11,aplr262,P,ex189,60,Affect summer most American along.
aplc12,aplr463,A,ex330,60,Bed current top current push lead the.
aplc13,aplr584,A,ex133,90,Sell alone arm they.
aplc14,aplr647,P,ex294,30,Example behind administration.
aplc15,aplr537,P,ex49,30,Everyone method middle several.
aplc16,aplr711,D,ex138,30,Who without pull culture discussion.
aplc17,aplr865,A,ex352,60,Successful painting line.
aplc18,aplr882,P,ex332,30,Enjoy mother Mr range join.
aplc19,aplr262,P,ex265,60,Purpose most space raise kid.
aplc20,aplr200,P,ex198,90,Since base idea name.
aplc21,aplr669,A,ex339,90,Prove information spring step every raise market.
aplc22,aplr441,A,ex360,30,Send nature black box good line.
aplc23,aplr901,D,ex19,90,Feeling scene summer cut month administration site.
aplc24,aplr533,D,ex22,60,Area boy memory deep contain level.
aplc25,aplr891,P,ex214,30,Television good community police.
aplc26,aplr417,A,ex387,60,Pick all site upon manage piece old than.
aplc27,aplr51,D,ex147,90,Realize answer building toward.
aplc28,aplr334,A,ex376,90,Almost perform natural pay.
aplc29,aplr491,P,ex375,90,Congress color interesting.
aplc30,aplr666,C,ex312,60,About picture with technology job attention.
aplc31,aplr7,D,ex223,30,Thus director project national parent.
aplc32,aplr754,C,ex137,90,Society energy scene result those into say.
aplc33,aplr611,P,ex115,60,Beat forward believe nature enjoy local accept risk.
aplc34,aplr488,D,ex151,30,Art policy detail almost worry.
aplc35,aplr137,C,ex347,30,Themselves if just none draw beyond whole.
aplc36,aplr634,P,ex154,90,Night face never rate story door.
aplc37,aplr62,P,ex81,30,Pay decide example public from determine beyond interview.
aplc38,aplr120,D,ex181,90,Moment deep spend race impact these collection area.
aplc39,aplr974,D,ex315,60,Policy suddenly husband alone long mission finally sister.
aplc40,aplr813,A,ex369,60,Me doctor possible south.
aplc41,aplr956,C,ex164,30,Job mention size nearly information of friend.
aplc42,aplr803,C,ex144,30,Property center sort draw.
aplc43,aplr763,A,ex152,30,Add only marriage might standard we one.
aplc44,aplr478,A,ex19,90,Reduce never person culture myself design true.
aplc45,aplr957,A,ex208,90,Yet catch figure many.
aplc46,aplr200,D,ex232,60,Economy also share degree few data only thing.
aplc47,aplr76,C,ex25,30,Pm themselves involve learn.
aplc48,aplr995,C,ex384,60,Staff institution reveal single federal.
aplc49,aplr814,P,ex136,90,About throughout bar reason decision good.
aplc50,aplr688,C,ex393,30,According those street study theory difficult.
aplc51,aplr721,P,ex208,90,Set age suggest support really.
aplc52,aplr34,D,ex204,90,Away type after live simply.
aplc53,aplr908,C,ex297,30,Prepare visit front especially real.
aplc54,aplr677,C,ex171,90,White goal cup traditional beautiful candidate.
aplc55,aplr321,P,ex371,30,Serious language TV place.
aplc56,aplr261,A,ex315,60,Fact throw study street certain professional now finally.
aplc57,aplr588,P,ex124,30,Responsibility energy yeah only.
aplc58,aplr306,C,ex294,30,Catch town small population sense often.
aplc59,aplr672,P,ex21,30,East simple great such western.
aplc60,aplr65,P,ex108,30,Receive team night case hard.
aplc61,aplr802,D,ex203,90,Film exist while home consider course.
aplc62,aplr571,A,ex148,90,More on second.
aplc63,aplr531,A,ex295,60,Whether campaign economic positive leader as Republican upon.
aplc64,aplr444,C,ex213,60,Threat daughter picture finish environmental many house stop.
aplc65,aplr68,D,ex292,90,Citizen item long.
aplc66,aplr314,C,ex372,30,She those determine both course.
aplc67,aplr308,D,ex4,30,Table ready responsibility moment.
aplc68,aplr490,C,ex217,60,Leg office work meet southern.
aplc69,aplr416,D,ex310,60,Apply energy factor hit onto.
aplc70,aplr464,A,ex274,90,Enough hard benefit follow hair.
aplc71,aplr706,P,ex106,60,Every property score according risk force.
aplc72,aplr780,P,ex20,30,Feel matter improve school live news.
aplc73,aplr253,C,ex260,30,Other current represent picture.
aplc74,aplr43,C,ex350,30,Father office trial trouble describe fill two.
aplc75,aplr186,P,ex365,90,Follow itself lead agent series change wish discussion.
aplc76,aplr799,D,ex320,90,Career life serve side trip.
aplc77,aplr819,A,ex326,90,Member account save challenge pass.
aplc78,aplr247,D,ex132,30,Couple several throughout parent main.
aplc79,aplr586,P,ex61,30,End use painting admit identify fear.
aplc80,aplr142,C,ex323,90,Claim fall black career land.
aplc81,aplr839,P,ex207,30,Lead step debate thank resource maintain attack.
aplc82,aplr164,D,ex398,30,Film lose range far home arm debate simply.
aplc83,aplr268,C,ex10,90,Boy to appear month bed attention.
aplc84,aplr723,D,ex202,90,Entire every anything water occur.
aplc85,aplr739,A,ex391,60,Peace hot either how sit less key health.
aplc86,aplr844,P,ex242,90,Simple understand economic cover positive require determine nothing.
aplc87,aplr231,D,ex349,60,On grow shake cost near.
aplc88,aplr259,A,ex79,90,Drug hair policy.
aplc89,aplr474,P,ex256,30,West throw agent business.
aplc90,aplr846,P,ex70,30,Think especially everything whatever grow.
aplc91,aplr337,C,ex113,60,Strong final happen win behavior true military.
aplc92,aplr608,C,ex67,90,Foreign finish commercial option knowledge yourself movie.
aplc93,aplr844,D,ex199,60,Pattern exist must quality natural.
aplc94,aplr902,D,ex265,60,Marriage surface on better certainly stock then.
aplc95,aplr319,C,ex207,30,Feeling rich enter loss throughout world police.
aplc96,aplr780,A,ex58,30,Daughter meet eat act believe speak woman.
aplc97,aplr6,P,ex378,60,Finally everything woman at chance avoid theory.
aplc98,aplr349,C,ex70,30,Degree church agent your special.
aplc99,aplr767,P,ex187,60,Inside although score enough.
aplc100,aplr510,A,ex91,60,Sense street large later least close budget outside.
aplc101,aplr331,C,ex326,90,Billion prevent ground site only without how.
aplc102,aplr12,P,ex110,30,Less cultural president bed work.
aplc103,aplr555,D,ex23,90,Must think use certainly strategy buy hand grow.
aplc104,aplr765,P,ex344,90,Husband knowledge simple after scientist together stand structure.
aplc105,aplr207,P,ex391,60,Method everything surface ever.
aplc106,aplr700,D,ex163,60,War method material common.
aplc107,aplr708,D,ex347,30,Environment black civil learn current just enter.
aplc108,aplr353,D,ex316,60,Front physical necessary it health person treat.
aplc109,aplr811,A,ex370,90,Moment last hard small join be item none.
aplc110,aplr584,D,ex237,90,Cost court future process.
aplc111,aplr776,D,ex255,90,Everything bill black find.
aplc112,aplr241,A,ex299,60,Score everybody story responsibility difference key.
aplc113,aplr240,C,ex205,90,Course edge reduce cell one walk admit.
aplc114,aplr844,C,ex177,30,Watch relate far level.
aplc115,aplr972,P,ex171,90,Issue arrive camera from show.
aplc116,aplr49,P,ex310,60,High size little case.
aplc117,aplr374,D,ex18,60,Care environment source.
aplc118,aplr58,D,ex51,90,Apply site per stuff.
aplc119,aplr15,P,ex56,60,Nice place again necessary last often dream.
aplc120,aplr741,D,ex86,30,Challenge likely care mouth who their short.
aplc121,aplr69,P,ex171,90,Century team either I up central leave.
aplc122,aplr202,C,ex134,30,Piece majority store attorney yet.
aplc123,aplr393,A,ex19,90,Office bag type young then should over.
aplc124,aplr301,A,ex144,30,Cut everyone receive him case rate stage.
aplc125,aplr70,A,ex58,30,Common choice total hit summer allow.
aplc126,aplr726,P,ex173,90,Statement try fight whether economy all reality.
aplc127,aplr280,A,ex296,60,Heavy tonight world make industry.
aplc128,aplr325,P,ex186,90,Character necessary now rest large.
aplc129,aplr886,A,ex180,60,Couple for indeed truth player usually.
aplc130,aplr117,A,ex256,30,Herself hear fill participant job.
aplc131,aplr885,D,ex268,60,Carry cover mother whole.
aplc132,aplr136,P,ex351,90,Stay gun training answer eight ready of.
aplc133,aplr237,D,ex259,60,Nor how quite tree high else wind.
aplc134,aplr638,C,ex20,30,Development increase whether rest natural similar.
aplc135,aplr51,D,ex305,90,Hospital will fire analysis.
aplc136,aplr441,C,ex275,90,Give cell response serious woman establish.
aplc137,aplr65,D,ex265,60,Middle may wish maybe.
aplc138,aplr735,A,ex150,90,Police former high want just can such.
aplc139,aplr288,D,ex38,60,All affect concern push.
aplc140,aplr390,C,ex340,30,Animal this left reach page mother.
aplc141,aplr287,D,ex89,30,Tell education create sure success price part.
aplc142,aplr615,P,ex22,60,Cultural fill industry great recently weight different hundred.
aplc143,aplr845,C,ex260,30,Owner public paper red industry prove she.
aplc144,aplr677,C,ex52,90,Until audience among begin.
aplc145,aplr450,C,ex118,60,Growth four maybe election may.
aplc146,aplr335,C,ex395,60,Question improve great voice fly detail bar.
aplc147,aplr43,D,ex80,90,Toward cultural push between past economy.
aplc148,aplr912,C,ex300,90,Most everyone born visit page outside.
aplc149,aplr313,A,ex327,60,Despite ten put tree.
aplc150,aplr49,C,ex231,30,Man under box detail town land.
aplc151,aplr37,A,ex62,90,Quickly culture various front game.
aplc152,aplr361,P,ex303,60,Last five worry police quite population necessary.
aplc153,aplr888,D,ex284,30,Run some new direction experience force.
aplc154,aplr729,D,ex352,60,Economic character computer democratic.
aplc155,aplr764,P,ex184,60,By particular mention what whose read operation.
aplc156,aplr797,D,ex157,90,Take moment cold their back stock expert.
aplc157,aplr884,P,ex151,30,Term people career reveal.
aplc158,aplr562,A,ex312,60,Team wonder one from new nature.
aplc159,aplr819,A,ex397,30,Occur hit though sister six create.
aplc160,aplr178,P,ex292,90,Rock remain build eye staff task.
aplc161,aplr306,D,ex303,60,Reduce garden tend theory speak thing claim.
aplc162,aplr954,P,ex376,90,Week soon thought single her line research.
aplc163,aplr427,P,ex56,60,Should commercial car into always.
aplc164,aplr451,A,ex59,30,Sure would subject listen ability sort meeting.
aplc165,aplr11,P,ex379,30,Personal save because lay.
aplc166,aplr809,C,ex183,30,Trouble begin sell us air.
aplc167,aplr120,A,ex69,30,Material quickly game out gun offer much.
aplc168,aplr768,P,ex305,90,Majority responsibility deal public charge happen bill they.
aplc169,aplr909,D,ex142,30,Describe consider oil somebody from head.
aplc170,aplr483,C,ex274,90,Return us throughout on central beat.
aplc171,aplr715,A,ex133,90,Firm computer return leader wait value sit.
aplc172,aplr982,C,ex57,60,Stage after national.
aplc173,aplr779,D,ex306,90,Direction consider majority way magazine.
aplc174,aplr923,C,ex205,90,Health when our center easy out.
aplc175,aplr19,P,ex320,90,Under always hot than.
aplc176,aplr189,P,ex137,90,Tax religious sit wind alone space serve.
aplc177,aplr430,P,ex198,90,Trouble ten movie ask drug learn.
aplc178,aplr684,D,ex227,30,Minute some hold development sense work national.
aplc179,aplr995,A,ex37,30,Cold stay else new pressure.
aplc180,aplr713,A,ex137,90,Speak country find chair student beyond.
aplc181,aplr80,P,ex322,60,Of very city ask.
aplc182,aplr436,P,ex174,90,National they movement share skin per.
aplc183,aplr406,A,ex75,90,Night worker with why member imagine.
aplc184,aplr31,C,ex280,30,Produce there past over toward mind from.
aplc185,aplr292,P,ex316,60,Security baby finish class increase.
aplc186,aplr443,D,ex145,30,Sing could process full.
aplc187,aplr628,A,ex306,90,East imagine last real brother even.
aplc188,aplr404,D,ex47,60,Deep argue current building them authority order.
aplc189,aplr394,A,ex250,30,Executive recently discuss score base family which.
aplc190,aplr57,P,ex73,60,Letter either carry floor.
aplc191,aplr211,D,ex32,90,Month better political major home business.
aplc192,aplr581,P,ex365,90,Week new improve.
aplc193,aplr119,A,ex313,90,Both easy cell mind you right yourself item.
aplc194,aplr879,A,ex51,90,Ago may particular themselves because.
aplc195,aplr548,P,ex111,90,Yes over there money reveal the building situation.
aplc196,aplr431,D,ex83,90,Community perhaps sell month special.
aplc197,aplr128,D,ex219,30,Pay light life sort much reveal.
aplc198,aplr538,D,ex20,30,Situation music free conference.
aplc199,aplr631,A,ex349,60,View base detail arrive set.
aplc200,aplr404,C,ex60,30,Camera onto price stand myself player another.
