s10,ex2,Audience Guidance
s13,ex2,Audience Guidance
s22,ex2,Audience Guidance
s44,ex2,Audience Informatic Services
s36,ex5,Audience Informatic Services
s50,ex5,Audience Informatic Services
s29,ex6,Audience Informatic Services
s10,ex7,Audience Informatic Services
s21,ex7,Audience Informatic Services
s5,ex7,Audience Guidance
s47,ex8,Audience Informatic Services
s29,ex8,Audience Guidance
s41,ex8,Audience Informatic Services
s19,ex9,Audience Informatic Services
s50,ex9,Audience Informatic Services
s21,ex9,Audience Informatic Services
s36,ex9,Audience Guidance
s41,ex10,Administration Support
s6,ex10,Audience Informatic Services
s42,ex10,Audience Guidance
s50,ex11,Audience Guidance
s18,ex11,Audience Guidance
s32,ex11,Administration Support
s19,ex11,Audience Guidance
s48,ex13,Administration Support
s2,ex13,Audience Informatic Services
s14,ex14,Administration Support
s28,ex14,Administration Support
s29,ex15,Audience Informatic Services
s21,ex15,Audience Informatic Services
s43,ex16,Audience Guidance
s42,ex17,Audience Informatic Services
s40,ex17,Administration Support
s33,ex18,Audience Guidance
s20,ex19,Administration Support
s29,ex19,Audience Guidance
s3,ex20,Administration Support
s47,ex20,Audience Guidance
s47,ex22,Audience Guidance
s23,ex22,Administration Support
s26,ex22,Audience Informatic Services
s48,ex22,Audience Guidance
s6,ex23,Audience Informatic Services
s20,ex23,Audience Guidance
s18,ex23,Audience Guidance
s23,ex23,Administration Support
s10,ex24,Administration Support
s42,ex24,Audience Guidance
s20,ex25,Audience Guidance
s33,ex25,Audience Informatic Services
s19,ex26,Audience Guidance
s21,ex27,Audience Informatic Services
s33,ex28,Audience Guidance
s5,ex28,Administration Support
s10,ex28,Administration Support
s29,ex28,Administration Support
s30,ex29,Audience Guidance
s22,ex29,Administration Support
s38,ex29,Audience Guidance
s24,ex30,Administration Support
s39,ex30,Audience Informatic Services
s17,ex30,Administration Support
s35,ex31,Audience Guidance
s2,ex31,Audience Guidance
s46,ex31,Audience Informatic Services
s11,ex31,Audience Guidance
s20,ex32,Audience Informatic Services
s47,ex32,Audience Informatic Services
s48,ex32,Audience Informatic Services
s49,ex32,Audience Guidance
s41,ex33,Audience Informatic Services
s43,ex34,Administration Support
s46,ex34,Administration Support
s30,ex34,Audience Guidance
s31,ex35,Audience Guidance
s23,ex35,Audience Guidance
s31,ex36,Administration Support
s3,ex36,Audience Guidance
s10,ex36,Audience Informatic Services
s36,ex37,Audience Informatic Services
s34,ex37,Audience Guidance
s31,ex37,Audience Informatic Services
s44,ex37,Administration Support
s15,ex39,Administration Support
s35,ex40,Audience Informatic Services
s22,ex40,Audience Guidance
s27,ex41,Audience Guidance
s20,ex41,Audience Informatic Services
s36,ex41,Administration Support
s48,ex41,Audience Informatic Services
s31,ex43,Administration Support
s27,ex43,Administration Support
s43,ex44,Audience Informatic Services
s2,ex44,Administration Support
s18,ex44,Administration Support
s42,ex45,Audience Informatic Services
s13,ex45,Administration Support
s6,ex45,Audience Guidance
s31,ex46,Audience Informatic Services
s5,ex46,Audience Informatic Services
s49,ex46,Audience Guidance
s18,ex46,Administration Support
s8,ex47,Audience Guidance
s46,ex50,Administration Support
s50,ex50,Audience Guidance
s36,ex50,Audience Guidance
s43,ex50,Administration Support
s26,ex51,Audience Informatic Services
s50,ex51,Audience Informatic Services
s31,ex52,Audience Informatic Services
s41,ex52,Audience Guidance
s2,ex53,Audience Informatic Services
s31,ex53,Audience Guidance
s45,ex53,Administration Support
s14,ex55,Administration Support
s27,ex56,Audience Guidance
s3,ex56,Audience Guidance
s8,ex56,Administration Support
s31,ex57,Administration Support
s14,ex58,Audience Informatic Services
s28,ex59,Audience Guidance
s13,ex60,Administration Support
s10,ex60,Audience Guidance
s28,ex60,Administration Support
s40,ex60,Audience Guidance
s18,ex61,Administration Support
s20,ex62,Administration Support
s28,ex62,Audience Guidance
s33,ex63,Administration Support
s48,ex63,Audience Informatic Services
s34,ex63,Audience Guidance
s32,ex63,Audience Guidance
s12,ex64,Audience Guidance
s36,ex64,Administration Support
s7,ex64,Administration Support
s8,ex65,Audience Informatic Services
s15,ex65,Administration Support
s29,ex65,Audience Informatic Services
s14,ex65,Administration Support
s25,ex67,Audience Informatic Services
s23,ex68,Administration Support
s3,ex68,Audience Guidance
s39,ex69,Administration Support
s41,ex69,Administration Support
s14,ex69,Audience Informatic Services
s49,ex69,Administration Support
s23,ex71,Audience Guidance
s10,ex71,Administration Support
s32,ex71,Audience Guidance
s34,ex72,Audience Guidance
s28,ex72,Audience Informatic Services
s25,ex73,Audience Guidance
s45,ex74,Audience Informatic Services
s10,ex76,Administration Support
s32,ex76,Audience Guidance
s30,ex76,Audience Guidance
s44,ex77,Audience Informatic Services
s17,ex77,Audience Guidance
s25,ex79,Audience Informatic Services
s19,ex80,Audience Guidance
s41,ex80,Administration Support
s18,ex81,Audience Informatic Services
s48,ex81,Audience Guidance
s29,ex82,Administration Support
s32,ex84,Administration Support
s16,ex84,Administration Support
s34,ex84,Audience Guidance
s46,ex85,Administration Support
s20,ex88,Administration Support
s44,ex89,Administration Support
s23,ex90,Audience Informatic Services
s28,ex90,Audience Informatic Services
s36,ex90,Audience Guidance
s50,ex90,Audience Guidance
s8,ex91,Audience Guidance
s23,ex92,Audience Informatic Services
s24,ex92,Audience Informatic Services
s33,ex93,Administration Support
s36,ex94,Audience Guidance
s7,ex94,Administration Support
s33,ex94,Audience Informatic Services
s31,ex96,Audience Guidance
s42,ex96,Administration Support
s18,ex99,Audience Informatic Services
s50,ex99,Audience Informatic Services
s18,ex100,Audience Informatic Services
s43,ex100,Audience Guidance
s24,ex100,Audience Guidance
s47,ex100,Audience Informatic Services
s41,ex101,Audience Guidance
s11,ex101,Audience Informatic Services
s21,ex101,Audience Informatic Services
s11,ex102,Administration Support
s31,ex102,Administration Support
s3,ex102,Audience Guidance
s9,ex103,Audience Informatic Services
s13,ex104,Administration Support
s43,ex104,Administration Support
s20,ex105,Audience Guidance
s5,ex106,Audience Guidance
s45,ex106,Audience Informatic Services
s10,ex107,Audience Guidance
s11,ex107,Audience Guidance
s44,ex107,Audience Guidance
s39,ex108,Audience Guidance
s33,ex108,Audience Guidance
s10,ex108,Audience Informatic Services
s35,ex110,Administration Support
s26,ex111,Audience Informatic Services
s13,ex113,Administration Support
s25,ex113,Administration Support
s15,ex113,Administration Support
s17,ex114,Audience Guidance
s25,ex115,Audience Informatic Services
s14,ex115,Audience Informatic Services
s21,ex116,Administration Support
s50,ex117,Audience Guidance
s35,ex117,Audience Informatic Services
s34,ex117,Audience Informatic Services
s40,ex117,Administration Support
s21,ex118,Audience Informatic Services
s25,ex118,Audience Informatic Services
s6,ex118,Audience Guidance
s1,ex118,Audience Informatic Services
s10,ex119,Administration Support
s2,ex119,Administration Support
s42,ex119,Administration Support
s14,ex120,Audience Informatic Services
s7,ex120,Administration Support
s45,ex120,Audience Guidance
s22,ex120,Administration Support
s2,ex121,Audience Guidance
s21,ex121,Audience Guidance
s3,ex121,Audience Guidance
s1,ex121,Administration Support
s17,ex123,Audience Informatic Services
s6,ex124,Administration Support
s22,ex124,Audience Informatic Services
s9,ex124,Administration Support
s27,ex124,Audience Guidance
s16,ex126,Administration Support
s6,ex126,Audience Informatic Services
s47,ex126,Audience Guidance
s11,ex126,Audience Informatic Services
s7,ex127,Audience Informatic Services
s17,ex127,Audience Guidance
s35,ex128,Audience Informatic Services
s25,ex129,Administration Support
s29,ex130,Administration Support
s35,ex130,Administration Support
s43,ex130,Audience Informatic Services
s29,ex131,Audience Guidance
s33,ex131,Audience Informatic Services
s46,ex131,Administration Support
s34,ex132,Audience Informatic Services
s42,ex132,Audience Informatic Services
s15,ex133,Audience Guidance
s11,ex133,Administration Support
s48,ex135,Audience Informatic Services
s3,ex135,Administration Support
s16,ex135,Audience Informatic Services
s24,ex136,Audience Guidance
s4,ex137,Administration Support
s17,ex137,Administration Support
s40,ex139,Audience Guidance
s29,ex139,Audience Informatic Services
s2,ex139,Administration Support
s32,ex139,Administration Support
s28,ex140,Audience Guidance
s27,ex140,Audience Guidance
s2,ex141,Audience Guidance
s50,ex141,Audience Guidance
s10,ex141,Administration Support
s47,ex142,Audience Informatic Services
s39,ex142,Administration Support
s4,ex142,Audience Guidance
s48,ex143,Audience Guidance
s15,ex144,Audience Informatic Services
s26,ex144,Audience Informatic Services
s7,ex145,Administration Support
s6,ex145,Audience Guidance
s1,ex145,Audience Informatic Services
s20,ex145,Audience Informatic Services
s49,ex147,Audience Guidance
s10,ex147,Audience Guidance
s10,ex148,Audience Guidance
s17,ex148,Audience Guidance
s30,ex148,Audience Informatic Services
s47,ex148,Audience Guidance
s17,ex149,Administration Support
s42,ex149,Administration Support
s7,ex149,Audience Guidance
s26,ex151,Audience Informatic Services
s10,ex151,Audience Informatic Services
s20,ex152,Audience Guidance
s44,ex152,Audience Informatic Services
s15,ex152,Audience Guidance
s10,ex152,Administration Support
s24,ex153,Audience Informatic Services
s7,ex153,Audience Informatic Services
s27,ex154,Audience Guidance
s12,ex155,Audience Guidance
s25,ex155,Administration Support
s47,ex156,Administration Support
s41,ex156,Administration Support
s9,ex156,Audience Guidance
s29,ex156,Audience Informatic Services
s48,ex158,Administration Support
s36,ex159,Audience Guidance
s28,ex159,Administration Support
s33,ex159,Administration Support
s15,ex160,Administration Support
s40,ex161,Audience Guidance
s13,ex161,Audience Guidance
s6,ex161,Audience Informatic Services
s28,ex161,Audience Informatic Services
s28,ex162,Audience Guidance
s47,ex162,Audience Guidance
s45,ex162,Audience Informatic Services
s5,ex163,Audience Guidance
s47,ex163,Audience Informatic Services
s33,ex163,Audience Guidance
s20,ex163,Audience Informatic Services
s19,ex164,Audience Informatic Services
s21,ex165,Administration Support
s45,ex165,Audience Informatic Services
s38,ex165,Administration Support
s27,ex165,Audience Guidance
s17,ex166,Audience Informatic Services
s24,ex166,Administration Support
s4,ex166,Audience Informatic Services
s2,ex167,Audience Informatic Services
s49,ex167,Audience Guidance
s5,ex167,Audience Guidance
s41,ex167,Audience Informatic Services
s28,ex168,Audience Informatic Services
s48,ex169,Administration Support
s5,ex171,Audience Guidance
s26,ex171,Audience Guidance
s4,ex171,Audience Informatic Services
s26,ex172,Administration Support
s3,ex172,Administration Support
s31,ex174,Audience Informatic Services
s48,ex177,Audience Guidance
s15,ex177,Audience Informatic Services
s29,ex177,Audience Guidance
s38,ex177,Audience Guidance
s18,ex178,Administration Support
s22,ex178,Audience Guidance
s15,ex178,Audience Informatic Services
s37,ex180,Audience Informatic Services
s43,ex181,Audience Informatic Services
s4,ex181,Audience Informatic Services
s36,ex182,Audience Guidance
s24,ex182,Administration Support
s21,ex182,Administration Support
s47,ex182,Audience Guidance
s21,ex183,Audience Informatic Services
s28,ex183,Administration Support
s6,ex183,Administration Support
s19,ex185,Audience Informatic Services
s22,ex185,Audience Informatic Services
s39,ex185,Administration Support
s38,ex185,Audience Guidance
s13,ex186,Audience Informatic Services
s12,ex186,Administration Support
s1,ex186,Audience Informatic Services
s49,ex187,Administration Support
s4,ex187,Audience Informatic Services
s27,ex187,Audience Guidance
s42,ex187,Audience Guidance
s30,ex189,Audience Guidance
s18,ex190,Administration Support
s25,ex190,Administration Support
s16,ex191,Audience Guidance
s13,ex192,Audience Informatic Services
s8,ex192,Administration Support
s7,ex192,Audience Informatic Services
s31,ex193,Audience Informatic Services
s15,ex193,Audience Guidance
s36,ex194,Administration Support
s2,ex194,Administration Support
s37,ex194,Administration Support
s11,ex194,Audience Informatic Services
s29,ex195,Audience Informatic Services
s19,ex196,Administration Support
s42,ex196,Administration Support
s24,ex196,Audience Informatic Services
s32,ex197,Audience Guidance
s8,ex197,Audience Informatic Services
s7,ex198,Audience Informatic Services
s27,ex200,Audience Informatic Services
s36,ex200,Audience Informatic Services
s49,ex201,Administration Support
s14,ex201,Administration Support
s1,ex204,Audience Guidance
s47,ex205,Audience Guidance
s14,ex206,Audience Guidance
s31,ex206,Audience Guidance
s42,ex206,Audience Guidance
s29,ex207,Administration Support
s3,ex207,Audience Informatic Services
s42,ex208,Audience Informatic Services
s39,ex209,Audience Informatic Services
s31,ex210,Audience Guidance
s25,ex210,Administration Support
s16,ex210,Administration Support
s9,ex213,Audience Informatic Services
s44,ex214,Audience Informatic Services
s8,ex214,Audience Informatic Services
s25,ex215,Audience Informatic Services
s26,ex215,Audience Informatic Services
s1,ex215,Audience Guidance
s13,ex215,Audience Informatic Services
s48,ex216,Administration Support
s42,ex216,Audience Guidance
s43,ex217,Audience Informatic Services
s37,ex217,Audience Guidance
s33,ex217,Administration Support
s15,ex217,Audience Guidance
s37,ex218,Audience Guidance
s19,ex218,Audience Guidance
s20,ex219,Administration Support
s33,ex219,Audience Informatic Services
s30,ex220,Audience Guidance
s44,ex221,Audience Informatic Services
s28,ex221,Administration Support
s38,ex221,Administration Support
s49,ex221,Audience Guidance
s1,ex222,Administration Support
s23,ex222,Audience Guidance
s45,ex223,Administration Support
s5,ex224,Audience Informatic Services
s42,ex224,Audience Guidance
s3,ex224,Audience Guidance
s16,ex225,Audience Guidance
s10,ex225,Audience Guidance
s17,ex227,Audience Guidance
s22,ex227,Administration Support
s42,ex229,Audience Informatic Services
s39,ex229,Administration Support
s19,ex229,Audience Informatic Services
s45,ex229,Administration Support
s38,ex230,Administration Support
s36,ex230,Audience Guidance
s18,ex230,Audience Informatic Services
s21,ex230,Audience Informatic Services
s37,ex231,Audience Guidance
s9,ex232,Audience Guidance
s14,ex233,Administration Support
s25,ex233,Administration Support
s39,ex234,Audience Guidance
s37,ex234,Administration Support
s32,ex235,Administration Support
s8,ex236,Audience Informatic Services
s22,ex237,Administration Support
s27,ex238,Audience Guidance
s38,ex238,Administration Support
s2,ex238,Audience Guidance
s13,ex239,Administration Support
s41,ex240,Audience Guidance
s33,ex240,Administration Support
s42,ex243,Audience Informatic Services
s10,ex243,Administration Support
s4,ex243,Audience Guidance
s20,ex243,Administration Support
s2,ex244,Audience Informatic Services
s23,ex244,Administration Support
s43,ex244,Audience Guidance
s9,ex245,Audience Informatic Services
s44,ex245,Audience Informatic Services
s46,ex246,Audience Guidance
s13,ex246,Audience Informatic Services
s25,ex246,Audience Informatic Services
s27,ex247,Administration Support
s23,ex247,Administration Support
s43,ex248,Audience Guidance
s34,ex248,Audience Guidance
s24,ex248,Audience Informatic Services
s36,ex249,Administration Support
s18,ex249,Audience Guidance
s13,ex249,Audience Informatic Services
s43,ex249,Audience Guidance
s9,ex250,Audience Informatic Services
s8,ex250,Administration Support
s42,ex250,Audience Informatic Services
s49,ex250,Audience Guidance
s46,ex251,Audience Guidance
s22,ex252,Audience Informatic Services
s48,ex252,Audience Guidance
s38,ex252,Audience Informatic Services
s22,ex254,Audience Informatic Services
s37,ex254,Administration Support
s27,ex254,Audience Guidance
s24,ex255,Administration Support
s20,ex255,Audience Guidance
s38,ex256,Administration Support
s8,ex256,Audience Informatic Services
s49,ex257,Administration Support
s47,ex257,Administration Support
s19,ex257,Audience Guidance
s20,ex258,Audience Informatic Services
s17,ex258,Audience Informatic Services
s33,ex258,Audience Informatic Services
s35,ex258,Administration Support
s40,ex259,Administration Support
s9,ex259,Administration Support
s37,ex260,Audience Informatic Services
s23,ex260,Audience Informatic Services
s43,ex262,Audience Informatic Services
s11,ex265,Audience Informatic Services
s33,ex265,Audience Informatic Services
s30,ex265,Audience Guidance
s50,ex265,Audience Informatic Services
s21,ex266,Audience Guidance
s37,ex266,Audience Informatic Services
s23,ex267,Audience Guidance
s47,ex267,Administration Support
s1,ex271,Audience Guidance
s50,ex271,Audience Informatic Services
s6,ex272,Audience Informatic Services
s22,ex272,Audience Guidance
s39,ex272,Audience Informatic Services
s46,ex273,Audience Informatic Services
s44,ex274,Audience Informatic Services
s28,ex274,Administration Support
s49,ex274,Administration Support
s22,ex274,Administration Support
s36,ex275,Audience Guidance
s47,ex275,Audience Guidance
s5,ex275,Audience Guidance
s13,ex275,Audience Informatic Services
s5,ex276,Administration Support
s33,ex276,Audience Guidance
s24,ex276,Administration Support
s2,ex276,Audience Informatic Services
s40,ex277,Administration Support
s26,ex277,Audience Informatic Services
s15,ex278,Audience Informatic Services
s28,ex280,Audience Informatic Services
s44,ex280,Audience Informatic Services
s42,ex280,Administration Support
s22,ex281,Administration Support
s11,ex282,Administration Support
s36,ex282,Audience Guidance
s7,ex284,Administration Support
s5,ex284,Audience Guidance
s34,ex285,Audience Guidance
s25,ex285,Audience Informatic Services
s8,ex286,Audience Guidance
s16,ex286,Audience Guidance
s43,ex288,Audience Guidance
s6,ex288,Administration Support
s48,ex288,Audience Guidance
s24,ex289,Audience Informatic Services
s50,ex290,Audience Informatic Services
s2,ex290,Audience Informatic Services
s22,ex290,Audience Guidance
s20,ex291,Audience Guidance
s37,ex292,Administration Support
s36,ex292,Audience Informatic Services
s15,ex292,Administration Support
s11,ex293,Administration Support
s15,ex293,Audience Informatic Services
s28,ex293,Administration Support
s18,ex293,Audience Informatic Services
s5,ex294,Audience Informatic Services
s43,ex294,Audience Informatic Services
s1,ex298,Administration Support
s8,ex298,Administration Support
s17,ex300,Administration Support
s11,ex300,Audience Informatic Services
s4,ex300,Audience Guidance
s46,ex300,Administration Support
s32,ex303,Administration Support
s3,ex304,Audience Informatic Services
s22,ex304,Administration Support
s8,ex304,Audience Informatic Services
s25,ex306,Audience Informatic Services
s8,ex306,Audience Guidance
s4,ex307,Audience Informatic Services
s48,ex307,Audience Guidance
s41,ex308,Audience Informatic Services
s21,ex308,Audience Informatic Services
s43,ex310,Audience Informatic Services
s32,ex310,Audience Guidance
s3,ex310,Audience Informatic Services
s45,ex313,Administration Support
s27,ex313,Audience Informatic Services
s6,ex313,Audience Informatic Services
s13,ex313,Audience Guidance
s23,ex314,Audience Informatic Services
s33,ex314,Administration Support
s39,ex314,Administration Support
s25,ex315,Audience Guidance
s17,ex315,Audience Informatic Services
s9,ex316,Audience Informatic Services
s14,ex316,Audience Informatic Services
s22,ex316,Audience Informatic Services
s6,ex316,Audience Guidance
s49,ex317,Audience Guidance
s6,ex319,Administration Support
s17,ex319,Audience Informatic Services
s19,ex319,Administration Support
s41,ex320,Audience Guidance
s24,ex321,Administration Support
s38,ex322,Administration Support
s47,ex324,Administration Support
s41,ex325,Audience Informatic Services
s36,ex325,Administration Support
s21,ex325,Audience Informatic Services
s11,ex325,Audience Guidance
s47,ex326,Administration Support
s11,ex326,Administration Support
s31,ex326,Audience Informatic Services
s46,ex326,Audience Guidance
s12,ex327,Administration Support
s6,ex327,Administration Support
s15,ex328,Audience Guidance
s17,ex328,Audience Informatic Services
s2,ex328,Audience Informatic Services
s7,ex329,Audience Guidance
s33,ex329,Audience Informatic Services
s11,ex329,Audience Informatic Services
s41,ex330,Administration Support
s24,ex331,Audience Guidance
s28,ex331,Audience Guidance
s45,ex332,Administration Support
s27,ex332,Administration Support
s23,ex332,Audience Informatic Services
s44,ex333,Audience Informatic Services
s50,ex333,Administration Support
s21,ex334,Administration Support
s13,ex335,Administration Support
s49,ex336,Audience Informatic Services
s7,ex336,Administration Support
s14,ex336,Administration Support
s23,ex336,Audience Guidance
s21,ex339,Audience Guidance
s26,ex339,Administration Support
s39,ex339,Administration Support
s45,ex339,Audience Informatic Services
s26,ex340,Audience Guidance
s25,ex340,Administration Support
s33,ex341,Audience Guidance
s9,ex342,Administration Support
s4,ex342,Audience Guidance
s29,ex342,Audience Informatic Services
s13,ex342,Audience Guidance
s41,ex343,Audience Informatic Services
s9,ex343,Administration Support
s15,ex344,Administration Support
s45,ex344,Audience Informatic Services
s2,ex345,Audience Informatic Services
s5,ex347,Administration Support
s2,ex348,Administration Support
s48,ex348,Administration Support
s3,ex349,Administration Support
s15,ex349,Audience Informatic Services
s32,ex349,Audience Informatic Services
s34,ex349,Audience Informatic Services
s42,ex350,Audience Informatic Services
s20,ex350,Administration Support
s29,ex351,Administration Support
s27,ex351,Audience Guidance
s35,ex351,Audience Guidance
s15,ex352,Administration Support
s40,ex352,Audience Guidance
s3,ex352,Administration Support
s47,ex352,Audience Guidance
s14,ex353,Administration Support
s43,ex353,Administration Support
s32,ex353,Audience Guidance
s25,ex354,Audience Guidance
s30,ex354,Administration Support
s50,ex354,Audience Informatic Services
s31,ex354,Administration Support
s28,ex356,Audience Informatic Services
s4,ex357,Audience Informatic Services
s5,ex357,Audience Guidance
s45,ex357,Administration Support
s26,ex357,Administration Support
s48,ex358,Audience Informatic Services
s18,ex358,Administration Support
s40,ex359,Administration Support
s28,ex360,Audience Guidance
s23,ex360,Audience Guidance
s34,ex360,Audience Guidance
s44,ex360,Administration Support
s3,ex361,Administration Support
s25,ex361,Audience Guidance
s26,ex361,Audience Informatic Services
s33,ex362,Audience Informatic Services
s49,ex363,Audience Guidance
s6,ex365,Administration Support
s4,ex365,Audience Informatic Services
s35,ex365,Administration Support
s28,ex366,Audience Informatic Services
s45,ex366,Administration Support
s8,ex366,Audience Guidance
s34,ex366,Audience Informatic Services
s32,ex367,Administration Support
s36,ex367,Audience Guidance
s2,ex367,Audience Guidance
s39,ex368,Audience Guidance
s44,ex368,Administration Support
s6,ex370,Audience Guidance
s45,ex370,Audience Guidance
s28,ex371,Administration Support
s22,ex371,Administration Support
s24,ex371,Audience Guidance
s14,ex372,Audience Guidance
s11,ex372,Audience Informatic Services
s18,ex372,Audience Guidance
s6,ex372,Audience Guidance
s11,ex376,Audience Guidance
s47,ex376,Administration Support
s37,ex377,Audience Informatic Services
s10,ex377,Audience Informatic Services
s12,ex378,Audience Guidance
s42,ex378,Audience Guidance
s32,ex380,Administration Support
s39,ex380,Administration Support
s1,ex380,Audience Informatic Services
s2,ex380,Administration Support
s35,ex381,Audience Guidance
s37,ex381,Audience Guidance
s24,ex381,Audience Guidance
s17,ex382,Audience Informatic Services
s19,ex382,Audience Guidance
s43,ex382,Administration Support
s45,ex382,Audience Guidance
s16,ex383,Audience Guidance
s40,ex383,Audience Guidance
s42,ex383,Audience Guidance
s45,ex384,Administration Support
s12,ex385,Audience Informatic Services
s13,ex385,Audience Guidance
s24,ex386,Audience Informatic Services
s2,ex386,Audience Informatic Services
s31,ex386,Audience Informatic Services
s16,ex387,Audience Informatic Services
s14,ex387,Audience Informatic Services
s20,ex387,Audience Informatic Services
s1,ex387,Administration Support
s14,ex389,Audience Guidance
s34,ex389,Audience Guidance
s45,ex391,Administration Support
s40,ex391,Audience Informatic Services
s9,ex391,Audience Informatic Services
s2,ex392,Audience Guidance
s16,ex392,Audience Informatic Services
s12,ex392,Administration Support
s44,ex392,Audience Informatic Services
s41,ex393,Administration Support
s23,ex393,Audience Guidance
s1,ex393,Administration Support
s12,ex393,Audience Guidance
s9,ex394,Administration Support
s14,ex395,Administration Support
s19,ex395,Audience Guidance
s11,ex395,Audience Informatic Services
s48,ex395,Administration Support
s21,ex396,Administration Support
s3,ex396,Administration Support
s13,ex396,Audience Guidance
s13,ex397,Audience Guidance
s27,ex398,Audience Guidance
s12,ex398,Audience Informatic Services
s15,ex398,Administration Support
s4,ex399,Audience Guidance
s42,ex399,Audience Guidance
s10,ex399,Administration Support
s15,ex400,Audience Guidance
s43,ex400,Audience Informatic Services
