t_mC1,r1
t_mC1,r2
t_mC1,r3
t_mC1,r4
t_mC1,r5
t_mC1,r6
t_mC1,r7
t_mC1,r8
t_mC1,r9
t_mC1,r10
t_mC1,r11
t_mC1,r12
t_mC1,r13
t_mC1,r14
t_mC1,r15
t_mC1,r16
t_mC1,r17
t_mC1,r18
t_mC1,r19
t_mC1,r20
t_mC1,r21
t_mC1,r22
t_mC1,r23
t_mC1,r24
t_mC1,r25
t_mC1,r26
t_mC1,r27
t_mC1,r28
t_mC1,r29
t_mC1,r30
t_mC1,r31
t_mC1,r32
t_mC1,r33
t_mC1,r34
t_mC1,r35
t_mC2,r1
t_mC2,r2
t_mC2,r3
t_mC2,r4
t_mC2,r5
t_mC2,r6
t_mC2,r7
t_mC2,r8
t_mC2,r9
t_mC2,r10
t_mC2,r11
t_mC2,r12
t_mC2,r13
t_mC2,r14
t_mC2,r15
t_mC2,r16
t_mC2,r17
t_mC2,r18
t_mC2,r19
t_mC2,r20
t_mC2,r21
t_mC2,r22
t_mC2,r23
t_mC2,r24
t_mC2,r25
t_mC2,r26
t_mC2,r27
t_mC2,r28
t_mC2,r29
t_mC2,r30
t_mC2,r31
t_mC2,r32
t_mC2,r33
t_mC2,r34
t_mC2,r35
t_mC3,r1
t_mC3,r2
t_mC3,r3
t_mC3,r4
t_mC3,r5
t_mC3,r6
t_mC3,r7
t_mC3,r8
t_mC3,r9
t_mC3,r10
t_mC3,r11
t_mC3,r12
t_mC3,r13
t_mC3,r14
t_mC3,r15
t_mC3,r16
t_mC3,r17
t_mC3,r18
t_mC3,r19
t_mC3,r20
t_mC3,r21
t_mC3,r22
t_mC3,r23
t_mC3,r24
t_mC3,r25
t_mC3,r26
t_mC3,r27
t_mC3,r28
t_mC3,r29
t_mC3,r30
t_mC3,r31
t_mC3,r32
t_mC3,r33
t_mC3,r34
t_mC3,r35
t_mC4,r1
t_mC4,r2
t_mC4,r3
t_mC4,r4
t_mC4,r5
t_mC4,r6
t_mC4,r7
t_mC4,r8
t_mC4,r9
t_mC4,r10
t_mC4,r11
t_mC4,r12
t_mC4,r13
t_mC4,r14
t_mC4,r15
t_mC4,r16
t_mC4,r17
t_mC4,r18
t_mC4,r19
t_mC4,r20
t_mC4,r21
t_mC4,r22
t_mC4,r23
t_mC4,r24
t_mC4,r25
t_mC4,r26
t_mC4,r27
t_mC4,r28
t_mC4,r29
t_mC4,r30
t_mC4,r31
t_mC4,r32
t_mC4,r33
t_mC4,r34
t_mC4,r35
t_mC5,r1
t_mC5,r2
t_mC5,r3
t_mC5,r4
t_mC5,r5
t_mC5,r6
t_mC5,r7
t_mC5,r8
t_mC5,r9
t_mC5,r10
t_mC5,r11
t_mC5,r12
t_mC5,r13
t_mC5,r14
t_mC5,r15
t_mC5,r16
t_mC5,r17
t_mC5,r18
t_mC5,r19
t_mC5,r20
t_mC5,r21
t_mC5,r22
t_mC5,r23
t_mC5,r24
t_mC5,r25
t_mC5,r26
t_mC5,r27
t_mC5,r28
t_mC5,r29
t_mC5,r30
t_mC5,r31
t_mC5,r32
t_mC5,r33
t_mC5,r34
t_mC5,r35
t_mC6,r1
t_mC6,r2
t_mC6,r3
t_mC6,r4
t_mC6,r5
t_mC6,r6
t_mC6,r7
t_mC6,r8
t_mC6,r9
t_mC6,r10
t_mC6,r11
t_mC6,r12
t_mC6,r13
t_mC6,r14
t_mC6,r15
t_mC6,r16
t_mC6,r17
t_mC6,r18
t_mC6,r19
t_mC6,r20
t_mC6,r21
t_mC6,r22
t_mC6,r23
t_mC6,r24
t_mC6,r25
t_mC6,r26
t_mC6,r27
t_mC6,r28
t_mC6,r29
t_mC6,r30
t_mC6,r31
t_mC6,r32
t_mC6,r33
t_mC6,r34
t_mC6,r35
t_mC7,r1
t_mC7,r2
t_mC7,r3
t_mC7,r4
t_mC7,r5
t_mC7,r6
t_mC7,r7
t_mC7,r8
t_mC7,r9
t_mC7,r10
t_mC7,r11
t_mC7,r12
t_mC7,r13
t_mC7,r14
t_mC7,r15
t_mC7,r16
t_mC7,r17
t_mC7,r18
t_mC7,r19
t_mC7,r20
t_mC7,r21
t_mC7,r22
t_mC7,r23
t_mC7,r24
t_mC7,r25
t_mC7,r26
t_mC7,r27
t_mC7,r28
t_mC7,r29
t_mC7,r30
t_mC7,r31
t_mC7,r32
t_mC7,r33
t_mC7,r34
t_mC7,r35
t_mC8,r1
t_mC8,r2
t_mC8,r3
t_mC8,r4
t_mC8,r5
t_mC8,r6
t_mC8,r7
t_mC8,r8
t_mC8,r9
t_mC8,r10
t_mC8,r11
t_mC8,r12
t_mC8,r13
t_mC8,r14
t_mC8,r15
t_mC8,r16
t_mC8,r17
t_mC8,r18
t_mC8,r19
t_mC8,r20
t_mC8,r21
t_mC8,r22
t_mC8,r23
t_mC8,r24
t_mC8,r25
t_mC8,r26
t_mC8,r27
t_mC8,r28
t_mC8,r29
t_mC8,r30
t_mC8,r31
t_mC8,r32
t_mC8,r33
t_mC8,r34
t_mC8,r35
t_mC9,r1
t_mC9,r2
t_mC9,r3
t_mC9,r4
t_mC9,r5
t_mC9,r6
t_mC9,r7
t_mC9,r8
t_mC9,r9
t_mC9,r10
t_mC9,r11
t_mC9,r12
t_mC9,r13
t_mC9,r14
t_mC9,r15
t_mC9,r16
t_mC9,r17
t_mC9,r18
t_mC9,r19
t_mC9,r20
t_mC9,r21
t_mC9,r22
t_mC9,r23
t_mC9,r24
t_mC9,r25
t_mC9,r26
t_mC9,r27
t_mC9,r28
t_mC9,r29
t_mC9,r30
t_mC9,r31
t_mC9,r32
t_mC9,r33
t_mC9,r34
t_mC9,r35
t_mC10,r1
t_mC10,r2
t_mC10,r3
t_mC10,r4
t_mC10,r5
t_mC10,r6
t_mC10,r7
t_mC10,r8
t_mC10,r9
t_mC10,r10
t_mC10,r11
t_mC10,r12
t_mC10,r13
t_mC10,r14
t_mC10,r15
t_mC10,r16
t_mC10,r17
t_mC10,r18
t_mC10,r19
t_mC10,r20
t_mC10,r21
t_mC10,r22
t_mC10,r23
t_mC10,r24
t_mC10,r25
t_mC10,r26
t_mC10,r27
t_mC10,r28
t_mC10,r29
t_mC10,r30
t_mC10,r31
t_mC10,r32
t_mC10,r33
t_mC10,r34
t_mC10,r35
t_mS1,r1
t_mS1,r2
t_mS1,r3
t_mS1,r4
t_mS1,r5
t_mS1,r6
t_mS1,r7
t_mS1,r8
t_mS1,r9
t_mS1,r10
t_mS1,r11
t_mS1,r12
t_mS1,r13
t_mS1,r14
t_mS1,r15
t_mS1,r16
t_mS1,r17
t_mS1,r18
t_mS1,r19
t_mS1,r20
t_mS1,r21
t_mS1,r22
t_mS1,r23
t_mS1,r24
t_mS1,r25
t_mS1,r26
t_mS1,r27
t_mS1,r28
t_mS1,r29
t_mS1,r30
t_mS1,r31
t_mS1,r32
t_mS1,r33
t_mS1,r34
t_mS1,r35
t_mS2,r1
t_mS2,r2
t_mS2,r3
t_mS2,r4
t_mS2,r5
t_mS2,r6
t_mS2,r7
t_mS2,r8
t_mS2,r9
t_mS2,r10
t_mS2,r11
t_mS2,r12
t_mS2,r13
t_mS2,r14
t_mS2,r15
t_mS2,r16
t_mS2,r17
t_mS2,r18
t_mS2,r19
t_mS2,r20
t_mS2,r21
t_mS2,r22
t_mS2,r23
t_mS2,r24
t_mS2,r25
t_mS2,r26
t_mS2,r27
t_mS2,r28
t_mS2,r29
t_mS2,r30
t_mS2,r31
t_mS2,r32
t_mS2,r33
t_mS2,r34
t_mS2,r35
t_mS3,r1
t_mS3,r2
t_mS3,r3
t_mS3,r4
t_mS3,r5
t_mS3,r6
t_mS3,r7
t_mS3,r8
t_mS3,r9
t_mS3,r10
t_mS3,r11
t_mS3,r12
t_mS3,r13
t_mS3,r14
t_mS3,r15
t_mS3,r16
t_mS3,r17
t_mS3,r18
t_mS3,r19
t_mS3,r20
t_mS3,r21
t_mS3,r22
t_mS3,r23
t_mS3,r24
t_mS3,r25
t_mS3,r26
t_mS3,r27
t_mS3,r28
t_mS3,r29
t_mS3,r30
t_mS3,r31
t_mS3,r32
t_mS3,r33
t_mS3,r34
t_mS3,r35
t_mS4,r1
t_mS4,r2
t_mS4,r3
t_mS4,r4
t_mS4,r5
t_mS4,r6
t_mS4,r7
t_mS4,r8
t_mS4,r9
t_mS4,r10
t_mS4,r11
t_mS4,r12
t_mS4,r13
t_mS4,r14
t_mS4,r15
t_mS4,r16
t_mS4,r17
t_mS4,r18
t_mS4,r19
t_mS4,r20
t_mS4,r21
t_mS4,r22
t_mS4,r23
t_mS4,r24
t_mS4,r25
t_mS4,r26
t_mS4,r27
t_mS4,r28
t_mS4,r29
t_mS4,r30
t_mS4,r31
t_mS4,r32
t_mS4,r33
t_mS4,r34
t_mS4,r35
t_mS5,r1
t_mS5,r2
t_mS5,r3
t_mS5,r4
t_mS5,r5
t_mS5,r6
t_mS5,r7
t_mS5,r8
t_mS5,r9
t_mS5,r10
t_mS5,r11
t_mS5,r12
t_mS5,r13
t_mS5,r14
t_mS5,r15
t_mS5,r16
t_mS5,r17
t_mS5,r18
t_mS5,r19
t_mS5,r20
t_mS5,r21
t_mS5,r22
t_mS5,r23
t_mS5,r24
t_mS5,r25
t_mS5,r26
t_mS5,r27
t_mS5,r28
t_mS5,r29
t_mS5,r30
t_mS5,r31
t_mS5,r32
t_mS5,r33
t_mS5,r34
t_mS5,r35
t_mS6,r1
t_mS6,r2
t_mS6,r3
t_mS6,r4
t_mS6,r5
t_mS6,r6
t_mS6,r7
t_mS6,r8
t_mS6,r9
t_mS6,r10
t_mS6,r11
t_mS6,r12
t_mS6,r13
t_mS6,r14
t_mS6,r15
t_mS6,r16
t_mS6,r17
t_mS6,r18
t_mS6,r19
t_mS6,r20
t_mS6,r21
t_mS6,r22
t_mS6,r23
t_mS6,r24
t_mS6,r25
t_mS6,r26
t_mS6,r27
t_mS6,r28
t_mS6,r29
t_mS6,r30
t_mS6,r31
t_mS6,r32
t_mS6,r33
t_mS6,r34
t_mS6,r35
t_mS7,r1
t_mS7,r2
t_mS7,r3
t_mS7,r4
t_mS7,r5
t_mS7,r6
t_mS7,r7
t_mS7,r8
t_mS7,r9
t_mS7,r10
t_mS7,r11
t_mS7,r12
t_mS7,r13
t_mS7,r14
t_mS7,r15
t_mS7,r16
t_mS7,r17
t_mS7,r18
t_mS7,r19
t_mS7,r20
t_mS7,r21
t_mS7,r22
t_mS7,r23
t_mS7,r24
t_mS7,r25
t_mS7,r26
t_mS7,r27
t_mS7,r28
t_mS7,r29
t_mS7,r30
t_mS7,r31
t_mS7,r32
t_mS7,r33
t_mS7,r34
t_mS7,r35
t_mS8,r1
t_mS8,r2
t_mS8,r3
t_mS8,r4
t_mS8,r5
t_mS8,r6
t_mS8,r7
t_mS8,r8
t_mS8,r9
t_mS8,r10
t_mS8,r11
t_mS8,r12
t_mS8,r13
t_mS8,r14
t_mS8,r15
t_mS8,r16
t_mS8,r17
t_mS8,r18
t_mS8,r19
t_mS8,r20
t_mS8,r21
t_mS8,r22
t_mS8,r23
t_mS8,r24
t_mS8,r25
t_mS8,r26
t_mS8,r27
t_mS8,r28
t_mS8,r29
t_mS8,r30
t_mS8,r31
t_mS8,r32
t_mS8,r33
t_mS8,r34
t_mS8,r35
t_mS9,r1
t_mS9,r2
t_mS9,r3
t_mS9,r4
t_mS9,r5
t_mS9,r6
t_mS9,r7
t_mS9,r8
t_mS9,r9
t_mS9,r10
t_mS9,r11
t_mS9,r12
t_mS9,r13
t_mS9,r14
t_mS9,r15
t_mS9,r16
t_mS9,r17
t_mS9,r18
t_mS9,r19
t_mS9,r20
t_mS9,r21
t_mS9,r22
t_mS9,r23
t_mS9,r24
t_mS9,r25
t_mS9,r26
t_mS9,r27
t_mS9,r28
t_mS9,r29
t_mS9,r30
t_mS9,r31
t_mS9,r32
t_mS9,r33
t_mS9,r34
t_mS9,r35
t_mS10,r1
t_mS10,r2
t_mS10,r3
t_mS10,r4
t_mS10,r5
t_mS10,r6
t_mS10,r7
t_mS10,r8
t_mS10,r9
t_mS10,r10
t_mS10,r11
t_mS10,r12
t_mS10,r13
t_mS10,r14
t_mS10,r15
t_mS10,r16
t_mS10,r17
t_mS10,r18
t_mS10,r19
t_mS10,r20
t_mS10,r21
t_mS10,r22
t_mS10,r23
t_mS10,r24
t_mS10,r25
t_mS10,r26
t_mS10,r27
t_mS10,r28
t_mS10,r29
t_mS10,r30
t_mS10,r31
t_mS10,r32
t_mS10,r33
t_mS10,r34
t_mS10,r35
t_mA1,r1
t_mA1,r2
t_mA1,r3
t_mA1,r4
t_mA1,r5
t_mA1,r6
t_mA1,r7
t_mA1,r8
t_mA1,r9
t_mA1,r10
t_mA1,r11
t_mA1,r12
t_mA1,r13
t_mA1,r14
t_mA1,r15
t_mA1,r16
t_mA1,r17
t_mA1,r18
t_mA1,r19
t_mA1,r20
t_mA1,r21
t_mA1,r22
t_mA1,r23
t_mA1,r24
t_mA1,r25
t_mA1,r26
t_mA1,r27
t_mA1,r28
t_mA1,r29
t_mA1,r30
t_mA1,r31
t_mA1,r32
t_mA1,r33
t_mA1,r34
t_mA1,r35
t_mA2,r1
t_mA2,r2
t_mA2,r3
t_mA2,r4
t_mA2,r5
t_mA2,r6
t_mA2,r7
t_mA2,r8
t_mA2,r9
t_mA2,r10
t_mA2,r11
t_mA2,r12
t_mA2,r13
t_mA2,r14
t_mA2,r15
t_mA2,r16
t_mA2,r17
t_mA2,r18
t_mA2,r19
t_mA2,r20
t_mA2,r21
t_mA2,r22
t_mA2,r23
t_mA2,r24
t_mA2,r25
t_mA2,r26
t_mA2,r27
t_mA2,r28
t_mA2,r29
t_mA2,r30
t_mA2,r31
t_mA2,r32
t_mA2,r33
t_mA2,r34
t_mA2,r35
t_mA3,r1
t_mA3,r2
t_mA3,r3
t_mA3,r4
t_mA3,r5
t_mA3,r6
t_mA3,r7
t_mA3,r8
t_mA3,r9
t_mA3,r10
t_mA3,r11
t_mA3,r12
t_mA3,r13
t_mA3,r14
t_mA3,r15
t_mA3,r16
t_mA3,r17
t_mA3,r18
t_mA3,r19
t_mA3,r20
t_mA3,r21
t_mA3,r22
t_mA3,r23
t_mA3,r24
t_mA3,r25
t_mA3,r26
t_mA3,r27
t_mA3,r28
t_mA3,r29
t_mA3,r30
t_mA3,r31
t_mA3,r32
t_mA3,r33
t_mA3,r34
t_mA3,r35
t_mA4,r1
t_mA4,r2
t_mA4,r3
t_mA4,r4
t_mA4,r5
t_mA4,r6
t_mA4,r7
t_mA4,r8
t_mA4,r9
t_mA4,r10
t_mA4,r11
t_mA4,r12
t_mA4,r13
t_mA4,r14
t_mA4,r15
t_mA4,r16
t_mA4,r17
t_mA4,r18
t_mA4,r19
t_mA4,r20
t_mA4,r21
t_mA4,r22
t_mA4,r23
t_mA4,r24
t_mA4,r25
t_mA4,r26
t_mA4,r27
t_mA4,r28
t_mA4,r29
t_mA4,r30
t_mA4,r31
t_mA4,r32
t_mA4,r33
t_mA4,r34
t_mA4,r35
t_mA5,r1
t_mA5,r2
t_mA5,r3
t_mA5,r4
t_mA5,r5
t_mA5,r6
t_mA5,r7
t_mA5,r8
t_mA5,r9
t_mA5,r10
t_mA5,r11
t_mA5,r12
t_mA5,r13
t_mA5,r14
t_mA5,r15
t_mA5,r16
t_mA5,r17
t_mA5,r18
t_mA5,r19
t_mA5,r20
t_mA5,r21
t_mA5,r22
t_mA5,r23
t_mA5,r24
t_mA5,r25
t_mA5,r26
t_mA5,r27
t_mA5,r28
t_mA5,r29
t_mA5,r30
t_mA5,r31
t_mA5,r32
t_mA5,r33
t_mA5,r34
t_mA5,r35
t_mA6,r1
t_mA6,r2
t_mA6,r3
t_mA6,r4
t_mA6,r5
t_mA6,r6
t_mA6,r7
t_mA6,r8
t_mA6,r9
t_mA6,r10
t_mA6,r11
t_mA6,r12
t_mA6,r13
t_mA6,r14
t_mA6,r15
t_mA6,r16
t_mA6,r17
t_mA6,r18
t_mA6,r19
t_mA6,r20
t_mA6,r21
t_mA6,r22
t_mA6,r23
t_mA6,r24
t_mA6,r25
t_mA6,r26
t_mA6,r27
t_mA6,r28
t_mA6,r29
t_mA6,r30
t_mA6,r31
t_mA6,r32
t_mA6,r33
t_mA6,r34
t_mA6,r35
t_mA7,r1
t_mA7,r2
t_mA7,r3
t_mA7,r4
t_mA7,r5
t_mA7,r6
t_mA7,r7
t_mA7,r8
t_mA7,r9
t_mA7,r10
t_mA7,r11
t_mA7,r12
t_mA7,r13
t_mA7,r14
t_mA7,r15
t_mA7,r16
t_mA7,r17
t_mA7,r18
t_mA7,r19
t_mA7,r20
t_mA7,r21
t_mA7,r22
t_mA7,r23
t_mA7,r24
t_mA7,r25
t_mA7,r26
t_mA7,r27
t_mA7,r28
t_mA7,r29
t_mA7,r30
t_mA7,r31
t_mA7,r32
t_mA7,r33
t_mA7,r34
t_mA7,r35
t_mA8,r1
t_mA8,r2
t_mA8,r3
t_mA8,r4
t_mA8,r5
t_mA8,r6
t_mA8,r7
t_mA8,r8
t_mA8,r9
t_mA8,r10
t_mA8,r11
t_mA8,r12
t_mA8,r13
t_mA8,r14
t_mA8,r15
t_mA8,r16
t_mA8,r17
t_mA8,r18
t_mA8,r19
t_mA8,r20
t_mA8,r21
t_mA8,r22
t_mA8,r23
t_mA8,r24
t_mA8,r25
t_mA8,r26
t_mA8,r27
t_mA8,r28
t_mA8,r29
t_mA8,r30
t_mA8,r31
t_mA8,r32
t_mA8,r33
t_mA8,r34
t_mA8,r35
t_mA9,r1
t_mA9,r2
t_mA9,r3
t_mA9,r4
t_mA9,r5
t_mA9,r6
t_mA9,r7
t_mA9,r8
t_mA9,r9
t_mA9,r10
t_mA9,r11
t_mA9,r12
t_mA9,r13
t_mA9,r14
t_mA9,r15
t_mA9,r16
t_mA9,r17
t_mA9,r18
t_mA9,r19
t_mA9,r20
t_mA9,r21
t_mA9,r22
t_mA9,r23
t_mA9,r24
t_mA9,r25
t_mA9,r26
t_mA9,r27
t_mA9,r28
t_mA9,r29
t_mA9,r30
t_mA9,r31
t_mA9,r32
t_mA9,r33
t_mA9,r34
t_mA9,r35
t_mA10,r1
t_mA10,r2
t_mA10,r3
t_mA10,r4
t_mA10,r5
t_mA10,r6
t_mA10,r7
t_mA10,r8
t_mA10,r9
t_mA10,r10
t_mA10,r11
t_mA10,r12
t_mA10,r13
t_mA10,r14
t_mA10,r15
t_mA10,r16
t_mA10,r17
t_mA10,r18
t_mA10,r19
t_mA10,r20
t_mA10,r21
t_mA10,r22
t_mA10,r23
t_mA10,r24
t_mA10,r25
t_mA10,r26
t_mA10,r27
t_mA10,r28
t_mA10,r29
t_mA10,r30
t_mA10,r31
t_mA10,r32
t_mA10,r33
t_mA10,r34
t_mA10,r35
t_mO1,r1
t_mO1,r2
t_mO1,r3
t_mO1,r4
t_mO1,r5
t_mO1,r6
t_mO1,r7
t_mO1,r8
t_mO1,r9
t_mO1,r10
t_mO1,r11
t_mO1,r12
t_mO1,r13
t_mO1,r14
t_mO1,r15
t_mO1,r16
t_mO1,r17
t_mO1,r18
t_mO1,r19
t_mO1,r20
t_mO1,r21
t_mO1,r22
t_mO1,r23
t_mO1,r24
t_mO1,r25
t_mO1,r26
t_mO1,r27
t_mO1,r28
t_mO1,r29
t_mO1,r30
t_mO1,r31
t_mO1,r32
t_mO1,r33
t_mO1,r34
t_mO1,r35
t_mO2,r1
t_mO2,r2
t_mO2,r3
t_mO2,r4
t_mO2,r5
t_mO2,r6
t_mO2,r7
t_mO2,r8
t_mO2,r9
t_mO2,r10
t_mO2,r11
t_mO2,r12
t_mO2,r13
t_mO2,r14
t_mO2,r15
t_mO2,r16
t_mO2,r17
t_mO2,r18
t_mO2,r19
t_mO2,r20
t_mO2,r21
t_mO2,r22
t_mO2,r23
t_mO2,r24
t_mO2,r25
t_mO2,r26
t_mO2,r27
t_mO2,r28
t_mO2,r29
t_mO2,r30
t_mO2,r31
t_mO2,r32
t_mO2,r33
t_mO2,r34
t_mO2,r35
t_mO3,r1
t_mO3,r2
t_mO3,r3
t_mO3,r4
t_mO3,r5
t_mO3,r6
t_mO3,r7
t_mO3,r8
t_mO3,r9
t_mO3,r10
t_mO3,r11
t_mO3,r12
t_mO3,r13
t_mO3,r14
t_mO3,r15
t_mO3,r16
t_mO3,r17
t_mO3,r18
t_mO3,r19
t_mO3,r20
t_mO3,r21
t_mO3,r22
t_mO3,r23
t_mO3,r24
t_mO3,r25
t_mO3,r26
t_mO3,r27
t_mO3,r28
t_mO3,r29
t_mO3,r30
t_mO3,r31
t_mO3,r32
t_mO3,r33
t_mO3,r34
t_mO3,r35
t_mO4,r1
t_mO4,r2
t_mO4,r3
t_mO4,r4
t_mO4,r5
t_mO4,r6
t_mO4,r7
t_mO4,r8
t_mO4,r9
t_mO4,r10
t_mO4,r11
t_mO4,r12
t_mO4,r13
t_mO4,r14
t_mO4,r15
t_mO4,r16
t_mO4,r17
t_mO4,r18
t_mO4,r19
t_mO4,r20
t_mO4,r21
t_mO4,r22
t_mO4,r23
t_mO4,r24
t_mO4,r25
t_mO4,r26
t_mO4,r27
t_mO4,r28
t_mO4,r29
t_mO4,r30
t_mO4,r31
t_mO4,r32
t_mO4,r33
t_mO4,r34
t_mO4,r35
t_mO5,r1
t_mO5,r2
t_mO5,r3
t_mO5,r4
t_mO5,r5
t_mO5,r6
t_mO5,r7
t_mO5,r8
t_mO5,r9
t_mO5,r10
t_mO5,r11
t_mO5,r12
t_mO5,r13
t_mO5,r14
t_mO5,r15
t_mO5,r16
t_mO5,r17
t_mO5,r18
t_mO5,r19
t_mO5,r20
t_mO5,r21
t_mO5,r22
t_mO5,r23
t_mO5,r24
t_mO5,r25
t_mO5,r26
t_mO5,r27
t_mO5,r28
t_mO5,r29
t_mO5,r30
t_mO5,r31
t_mO5,r32
t_mO5,r33
t_mO5,r34
t_mO5,r35
t_mO6,r1
t_mO6,r2
t_mO6,r3
t_mO6,r4
t_mO6,r5
t_mO6,r6
t_mO6,r7
t_mO6,r8
t_mO6,r9
t_mO6,r10
t_mO6,r11
t_mO6,r12
t_mO6,r13
t_mO6,r14
t_mO6,r15
t_mO6,r16
t_mO6,r17
t_mO6,r18
t_mO6,r19
t_mO6,r20
t_mO6,r21
t_mO6,r22
t_mO6,r23
t_mO6,r24
t_mO6,r25
t_mO6,r26
t_mO6,r27
t_mO6,r28
t_mO6,r29
t_mO6,r30
t_mO6,r31
t_mO6,r32
t_mO6,r33
t_mO6,r34
t_mO6,r35
t_mO7,r1
t_mO7,r2
t_mO7,r3
t_mO7,r4
t_mO7,r5
t_mO7,r6
t_mO7,r7
t_mO7,r8
t_mO7,r9
t_mO7,r10
t_mO7,r11
t_mO7,r12
t_mO7,r13
t_mO7,r14
t_mO7,r15
t_mO7,r16
t_mO7,r17
t_mO7,r18
t_mO7,r19
t_mO7,r20
t_mO7,r21
t_mO7,r22
t_mO7,r23
t_mO7,r24
t_mO7,r25
t_mO7,r26
t_mO7,r27
t_mO7,r28
t_mO7,r29
t_mO7,r30
t_mO7,r31
t_mO7,r32
t_mO7,r33
t_mO7,r34
t_mO7,r35
t_mO8,r1
t_mO8,r2
t_mO8,r3
t_mO8,r4
t_mO8,r5
t_mO8,r6
t_mO8,r7
t_mO8,r8
t_mO8,r9
t_mO8,r10
t_mO8,r11
t_mO8,r12
t_mO8,r13
t_mO8,r14
t_mO8,r15
t_mO8,r16
t_mO8,r17
t_mO8,r18
t_mO8,r19
t_mO8,r20
t_mO8,r21
t_mO8,r22
t_mO8,r23
t_mO8,r24
t_mO8,r25
t_mO8,r26
t_mO8,r27
t_mO8,r28
t_mO8,r29
t_mO8,r30
t_mO8,r31
t_mO8,r32
t_mO8,r33
t_mO8,r34
t_mO8,r35
t_mO9,r1
t_mO9,r2
t_mO9,r3
t_mO9,r4
t_mO9,r5
t_mO9,r6
t_mO9,r7
t_mO9,r8
t_mO9,r9
t_mO9,r10
t_mO9,r11
t_mO9,r12
t_mO9,r13
t_mO9,r14
t_mO9,r15
t_mO9,r16
t_mO9,r17
t_mO9,r18
t_mO9,r19
t_mO9,r20
t_mO9,r21
t_mO9,r22
t_mO9,r23
t_mO9,r24
t_mO9,r25
t_mO9,r26
t_mO9,r27
t_mO9,r28
t_mO9,r29
t_mO9,r30
t_mO9,r31
t_mO9,r32
t_mO9,r33
t_mO9,r34
t_mO9,r35
t_mO10,r1
t_mO10,r2
t_mO10,r3
t_mO10,r4
t_mO10,r5
t_mO10,r6
t_mO10,r7
t_mO10,r8
t_mO10,r9
t_mO10,r10
t_mO10,r11
t_mO10,r12
t_mO10,r13
t_mO10,r14
t_mO10,r15
t_mO10,r16
t_mO10,r17
t_mO10,r18
t_mO10,r19
t_mO10,r20
t_mO10,r21
t_mO10,r22
t_mO10,r23
t_mO10,r24
t_mO10,r25
t_mO10,r26
t_mO10,r27
t_mO10,r28
t_mO10,r29
t_mO10,r30
t_mO10,r31
t_mO10,r32
t_mO10,r33
t_mO10,r34
t_mO10,r35
t_mD1,r1
t_mD1,r2
t_mD1,r3
t_mD1,r4
t_mD1,r5
t_mD1,r6
t_mD1,r7
t_mD1,r8
t_mD1,r9
t_mD1,r10
t_mD1,r11
t_mD1,r12
t_mD1,r13
t_mD1,r14
t_mD1,r15
t_mD1,r16
t_mD1,r17
t_mD1,r18
t_mD1,r19
t_mD1,r20
t_mD1,r21
t_mD1,r22
t_mD1,r23
t_mD1,r24
t_mD1,r25
t_mD1,r26
t_mD1,r27
t_mD1,r28
t_mD1,r29
t_mD1,r30
t_mD1,r31
t_mD1,r32
t_mD1,r33
t_mD1,r34
t_mD1,r35
t_mD2,r1
t_mD2,r2
t_mD2,r3
t_mD2,r4
t_mD2,r5
t_mD2,r6
t_mD2,r7
t_mD2,r8
t_mD2,r9
t_mD2,r10
t_mD2,r11
t_mD2,r12
t_mD2,r13
t_mD2,r14
t_mD2,r15
t_mD2,r16
t_mD2,r17
t_mD2,r18
t_mD2,r19
t_mD2,r20
t_mD2,r21
t_mD2,r22
t_mD2,r23
t_mD2,r24
t_mD2,r25
t_mD2,r26
t_mD2,r27
t_mD2,r28
t_mD2,r29
t_mD2,r30
t_mD2,r31
t_mD2,r32
t_mD2,r33
t_mD2,r34
t_mD2,r35
t_mD3,r1
t_mD3,r2
t_mD3,r3
t_mD3,r4
t_mD3,r5
t_mD3,r6
t_mD3,r7
t_mD3,r8
t_mD3,r9
t_mD3,r10
t_mD3,r11
t_mD3,r12
t_mD3,r13
t_mD3,r14
t_mD3,r15
t_mD3,r16
t_mD3,r17
t_mD3,r18
t_mD3,r19
t_mD3,r20
t_mD3,r21
t_mD3,r22
t_mD3,r23
t_mD3,r24
t_mD3,r25
t_mD3,r26
t_mD3,r27
t_mD3,r28
t_mD3,r29
t_mD3,r30
t_mD3,r31
t_mD3,r32
t_mD3,r33
t_mD3,r34
t_mD3,r35
t_mD4,r1
t_mD4,r2
t_mD4,r3
t_mD4,r4
t_mD4,r5
t_mD4,r6
t_mD4,r7
t_mD4,r8
t_mD4,r9
t_mD4,r10
t_mD4,r11
t_mD4,r12
t_mD4,r13
t_mD4,r14
t_mD4,r15
t_mD4,r16
t_mD4,r17
t_mD4,r18
t_mD4,r19
t_mD4,r20
t_mD4,r21
t_mD4,r22
t_mD4,r23
t_mD4,r24
t_mD4,r25
t_mD4,r26
t_mD4,r27
t_mD4,r28
t_mD4,r29
t_mD4,r30
t_mD4,r31
t_mD4,r32
t_mD4,r33
t_mD4,r34
t_mD4,r35
t_mD5,r1
t_mD5,r2
t_mD5,r3
t_mD5,r4
t_mD5,r5
t_mD5,r6
t_mD5,r7
t_mD5,r8
t_mD5,r9
t_mD5,r10
t_mD5,r11
t_mD5,r12
t_mD5,r13
t_mD5,r14
t_mD5,r15
t_mD5,r16
t_mD5,r17
t_mD5,r18
t_mD5,r19
t_mD5,r20
t_mD5,r21
t_mD5,r22
t_mD5,r23
t_mD5,r24
t_mD5,r25
t_mD5,r26
t_mD5,r27
t_mD5,r28
t_mD5,r29
t_mD5,r30
t_mD5,r31
t_mD5,r32
t_mD5,r33
t_mD5,r34
t_mD5,r35
t_mD6,r1
t_mD6,r2
t_mD6,r3
t_mD6,r4
t_mD6,r5
t_mD6,r6
t_mD6,r7
t_mD6,r8
t_mD6,r9
t_mD6,r10
t_mD6,r11
t_mD6,r12
t_mD6,r13
t_mD6,r14
t_mD6,r15
t_mD6,r16
t_mD6,r17
t_mD6,r18
t_mD6,r19
t_mD6,r20
t_mD6,r21
t_mD6,r22
t_mD6,r23
t_mD6,r24
t_mD6,r25
t_mD6,r26
t_mD6,r27
t_mD6,r28
t_mD6,r29
t_mD6,r30
t_mD6,r31
t_mD6,r32
t_mD6,r33
t_mD6,r34
t_mD6,r35
t_mD7,r1
t_mD7,r2
t_mD7,r3
t_mD7,r4
t_mD7,r5
t_mD7,r6
t_mD7,r7
t_mD7,r8
t_mD7,r9
t_mD7,r10
t_mD7,r11
t_mD7,r12
t_mD7,r13
t_mD7,r14
t_mD7,r15
t_mD7,r16
t_mD7,r17
t_mD7,r18
t_mD7,r19
t_mD7,r20
t_mD7,r21
t_mD7,r22
t_mD7,r23
t_mD7,r24
t_mD7,r25
t_mD7,r26
t_mD7,r27
t_mD7,r28
t_mD7,r29
t_mD7,r30
t_mD7,r31
t_mD7,r32
t_mD7,r33
t_mD7,r34
t_mD7,r35
t_mD8,r1
t_mD8,r2
t_mD8,r3
t_mD8,r4
t_mD8,r5
t_mD8,r6
t_mD8,r7
t_mD8,r8
t_mD8,r9
t_mD8,r10
t_mD8,r11
t_mD8,r12
t_mD8,r13
t_mD8,r14
t_mD8,r15
t_mD8,r16
t_mD8,r17
t_mD8,r18
t_mD8,r19
t_mD8,r20
t_mD8,r21
t_mD8,r22
t_mD8,r23
t_mD8,r24
t_mD8,r25
t_mD8,r26
t_mD8,r27
t_mD8,r28
t_mD8,r29
t_mD8,r30
t_mD8,r31
t_mD8,r32
t_mD8,r33
t_mD8,r34
t_mD8,r35
t_mD9,r1
t_mD9,r2
t_mD9,r3
t_mD9,r4
t_mD9,r5
t_mD9,r6
t_mD9,r7
t_mD9,r8
t_mD9,r9
t_mD9,r10
t_mD9,r11
t_mD9,r12
t_mD9,r13
t_mD9,r14
t_mD9,r15
t_mD9,r16
t_mD9,r17
t_mD9,r18
t_mD9,r19
t_mD9,r20
t_mD9,r21
t_mD9,r22
t_mD9,r23
t_mD9,r24
t_mD9,r25
t_mD9,r26
t_mD9,r27
t_mD9,r28
t_mD9,r29
t_mD9,r30
t_mD9,r31
t_mD9,r32
t_mD9,r33
t_mD9,r34
t_mD9,r35
t_mD10,r1
t_mD10,r2
t_mD10,r3
t_mD10,r4
t_mD10,r5
t_mD10,r6
t_mD10,r7
t_mD10,r8
t_mD10,r9
t_mD10,r10
t_mD10,r11
t_mD10,r12
t_mD10,r13
t_mD10,r14
t_mD10,r15
t_mD10,r16
t_mD10,r17
t_mD10,r18
t_mD10,r19
t_mD10,r20
t_mD10,r21
t_mD10,r22
t_mD10,r23
t_mD10,r24
t_mD10,r25
t_mD10,r26
t_mD10,r27
t_mD10,r28
t_mD10,r29
t_mD10,r30
t_mD10,r31
t_mD10,r32
t_mD10,r33
t_mD10,r34
t_mD10,r35
t_sC2,r12
t_sC2,r13
t_sC2,r14
t_sC2,r15
t_sC2,r16
t_sC2,r17
t_sC2,r18
t_sC2,r19
t_sC2,r20
t_sC2,r21
t_sC2,r22
t_sC2,r23
t_sC2,r24
t_sC2,r25
t_sC2,r26
t_sC2,r27
t_sC2,r28
t_sC2,r29
t_sC2,r30
t_sC2,r31
t_sC2,r32
t_sC2,r33
t_sC2,r34
t_sC2,r35
t_sC3,r12
t_sC3,r13
t_sC3,r14
t_sC3,r15
t_sC3,r16
t_sC3,r17
t_sC3,r18
t_sC3,r19
t_sC3,r20
t_sC3,r21
t_sC3,r22
t_sC3,r23
t_sC3,r24
t_sC3,r25
t_sC3,r26
t_sC3,r27
t_sC3,r28
t_sC3,r29
t_sC3,r30
t_sC3,r31
t_sC3,r32
t_sC3,r33
t_sC3,r34
t_sC3,r35
t_sC4,r12
t_sC4,r13
t_sC4,r14
t_sC4,r15
t_sC4,r16
t_sC4,r17
t_sC4,r18
t_sC4,r19
t_sC4,r20
t_sC4,r21
t_sC4,r22
t_sC4,r23
t_sC4,r24
t_sC4,r25
t_sC4,r26
t_sC4,r27
t_sC4,r28
t_sC4,r29
t_sC4,r30
t_sC4,r31
t_sC4,r32
t_sC4,r33
t_sC4,r34
t_sC4,r35
t_sC5,r12
t_sC5,r13
t_sC5,r14
t_sC5,r15
t_sC5,r16
t_sC5,r17
t_sC5,r18
t_sC5,r19
t_sC5,r20
t_sC5,r21
t_sC5,r22
t_sC5,r23
t_sC5,r24
t_sC5,r25
t_sC5,r26
t_sC5,r27
t_sC5,r28
t_sC5,r29
t_sC5,r30
t_sC5,r31
t_sC5,r32
t_sC5,r33
t_sC5,r34
t_sC5,r35
t_sC6,r12
t_sC6,r13
t_sC6,r14
t_sC6,r15
t_sC6,r16
t_sC6,r17
t_sC6,r18
t_sC6,r19
t_sC6,r20
t_sC6,r21
t_sC6,r22
t_sC6,r23
t_sC6,r24
t_sC6,r25
t_sC6,r26
t_sC6,r27
t_sC6,r28
t_sC6,r29
t_sC6,r30
t_sC6,r31
t_sC6,r32
t_sC6,r33
t_sC6,r34
t_sC6,r35
t_sC7,r12
t_sC7,r13
t_sC7,r14
t_sC7,r15
t_sC7,r16
t_sC7,r17
t_sC7,r18
t_sC7,r19
t_sC7,r20
t_sC7,r21
t_sC7,r22
t_sC7,r23
t_sC7,r24
t_sC7,r25
t_sC7,r26
t_sC7,r27
t_sC7,r28
t_sC7,r29
t_sC7,r30
t_sC7,r31
t_sC7,r32
t_sC7,r33
t_sC7,r34
t_sC7,r35
t_sC8,r12
t_sC8,r13
t_sC8,r14
t_sC8,r15
t_sC8,r16
t_sC8,r17
t_sC8,r18
t_sC8,r19
t_sC8,r20
t_sC8,r21
t_sC8,r22
t_sC8,r23
t_sC8,r24
t_sC8,r25
t_sC8,r26
t_sC8,r27
t_sC8,r28
t_sC8,r29
t_sC8,r30
t_sC8,r31
t_sC8,r32
t_sC8,r33
t_sC8,r34
t_sC8,r35
t_sC9,r12
t_sC9,r13
t_sC9,r14
t_sC9,r15
t_sC9,r16
t_sC9,r17
t_sC9,r18
t_sC9,r19
t_sC9,r20
t_sC9,r21
t_sC9,r22
t_sC9,r23
t_sC9,r24
t_sC9,r25
t_sC9,r26
t_sC9,r27
t_sC9,r28
t_sC9,r29
t_sC9,r30
t_sC9,r31
t_sC9,r32
t_sC9,r33
t_sC9,r34
t_sC9,r35
t_sC10,r12
t_sC10,r13
t_sC10,r14
t_sC10,r15
t_sC10,r16
t_sC10,r17
t_sC10,r18
t_sC10,r19
t_sC10,r20
t_sC10,r21
t_sC10,r22
t_sC10,r23
t_sC10,r24
t_sC10,r25
t_sC10,r26
t_sC10,r27
t_sC10,r28
t_sC10,r29
t_sC10,r30
t_sC10,r31
t_sC10,r32
t_sC10,r33
t_sC10,r34
t_sC10,r35
t_sS2,r12
t_sS2,r13
t_sS2,r14
t_sS2,r15
t_sS2,r16
t_sS2,r17
t_sS2,r18
t_sS2,r19
t_sS2,r20
t_sS2,r21
t_sS2,r22
t_sS2,r23
t_sS2,r24
t_sS2,r25
t_sS2,r26
t_sS2,r27
t_sS2,r28
t_sS2,r29
t_sS2,r30
t_sS2,r31
t_sS2,r32
t_sS2,r33
t_sS2,r34
t_sS2,r35
t_sS3,r12
t_sS3,r13
t_sS3,r14
t_sS3,r15
t_sS3,r16
t_sS3,r17
t_sS3,r18
t_sS3,r19
t_sS3,r20
t_sS3,r21
t_sS3,r22
t_sS3,r23
t_sS3,r24
t_sS3,r25
t_sS3,r26
t_sS3,r27
t_sS3,r28
t_sS3,r29
t_sS3,r30
t_sS3,r31
t_sS3,r32
t_sS3,r33
t_sS3,r34
t_sS3,r35
t_sS4,r12
t_sS4,r13
t_sS4,r14
t_sS4,r15
t_sS4,r16
t_sS4,r17
t_sS4,r18
t_sS4,r19
t_sS4,r20
t_sS4,r21
t_sS4,r22
t_sS4,r23
t_sS4,r24
t_sS4,r25
t_sS4,r26
t_sS4,r27
t_sS4,r28
t_sS4,r29
t_sS4,r30
t_sS4,r31
t_sS4,r32
t_sS4,r33
t_sS4,r34
t_sS4,r35
t_sS5,r12
t_sS5,r13
t_sS5,r14
t_sS5,r15
t_sS5,r16
t_sS5,r17
t_sS5,r18
t_sS5,r19
t_sS5,r20
t_sS5,r21
t_sS5,r22
t_sS5,r23
t_sS5,r24
t_sS5,r25
t_sS5,r26
t_sS5,r27
t_sS5,r28
t_sS5,r29
t_sS5,r30
t_sS5,r31
t_sS5,r32
t_sS5,r33
t_sS5,r34
t_sS5,r35
t_sS6,r12
t_sS6,r13
t_sS6,r14
t_sS6,r15
t_sS6,r16
t_sS6,r17
t_sS6,r18
t_sS6,r19
t_sS6,r20
t_sS6,r21
t_sS6,r22
t_sS6,r23
t_sS6,r24
t_sS6,r25
t_sS6,r26
t_sS6,r27
t_sS6,r28
t_sS6,r29
t_sS6,r30
t_sS6,r31
t_sS6,r32
t_sS6,r33
t_sS6,r34
t_sS6,r35
t_sS7,r12
t_sS7,r13
t_sS7,r14
t_sS7,r15
t_sS7,r16
t_sS7,r17
t_sS7,r18
t_sS7,r19
t_sS7,r20
t_sS7,r21
t_sS7,r22
t_sS7,r23
t_sS7,r24
t_sS7,r25
t_sS7,r26
t_sS7,r27
t_sS7,r28
t_sS7,r29
t_sS7,r30
t_sS7,r31
t_sS7,r32
t_sS7,r33
t_sS7,r34
t_sS7,r35
t_sS8,r12
t_sS8,r13
t_sS8,r14
t_sS8,r15
t_sS8,r16
t_sS8,r17
t_sS8,r18
t_sS8,r19
t_sS8,r20
t_sS8,r21
t_sS8,r22
t_sS8,r23
t_sS8,r24
t_sS8,r25
t_sS8,r26
t_sS8,r27
t_sS8,r28
t_sS8,r29
t_sS8,r30
t_sS8,r31
t_sS8,r32
t_sS8,r33
t_sS8,r34
t_sS8,r35
t_sS9,r12
t_sS9,r13
t_sS9,r14
t_sS9,r15
t_sS9,r16
t_sS9,r17
t_sS9,r18
t_sS9,r19
t_sS9,r20
t_sS9,r21
t_sS9,r22
t_sS9,r23
t_sS9,r24
t_sS9,r25
t_sS9,r26
t_sS9,r27
t_sS9,r28
t_sS9,r29
t_sS9,r30
t_sS9,r31
t_sS9,r32
t_sS9,r33
t_sS9,r34
t_sS9,r35
t_sS10,r12
t_sS10,r13
t_sS10,r14
t_sS10,r15
t_sS10,r16
t_sS10,r17
t_sS10,r18
t_sS10,r19
t_sS10,r20
t_sS10,r21
t_sS10,r22
t_sS10,r23
t_sS10,r24
t_sS10,r25
t_sS10,r26
t_sS10,r27
t_sS10,r28
t_sS10,r29
t_sS10,r30
t_sS10,r31
t_sS10,r32
t_sS10,r33
t_sS10,r34
t_sS10,r35
t_sA2,r12
t_sA2,r13
t_sA2,r14
t_sA2,r15
t_sA2,r16
t_sA2,r17
t_sA2,r18
t_sA2,r19
t_sA2,r20
t_sA2,r21
t_sA2,r22
t_sA2,r23
t_sA2,r24
t_sA2,r25
t_sA2,r26
t_sA2,r27
t_sA2,r28
t_sA2,r29
t_sA2,r30
t_sA2,r31
t_sA2,r32
t_sA2,r33
t_sA2,r34
t_sA2,r35
t_sA3,r12
t_sA3,r13
t_sA3,r14
t_sA3,r15
t_sA3,r16
t_sA3,r17
t_sA3,r18
t_sA3,r19
t_sA3,r20
t_sA3,r21
t_sA3,r22
t_sA3,r23
t_sA3,r24
t_sA3,r25
t_sA3,r26
t_sA3,r27
t_sA3,r28
t_sA3,r29
t_sA3,r30
t_sA3,r31
t_sA3,r32
t_sA3,r33
t_sA3,r34
t_sA3,r35
t_sA4,r12
t_sA4,r13
t_sA4,r14
t_sA4,r15
t_sA4,r16
t_sA4,r17
t_sA4,r18
t_sA4,r19
t_sA4,r20
t_sA4,r21
t_sA4,r22
t_sA4,r23
t_sA4,r24
t_sA4,r25
t_sA4,r26
t_sA4,r27
t_sA4,r28
t_sA4,r29
t_sA4,r30
t_sA4,r31
t_sA4,r32
t_sA4,r33
t_sA4,r34
t_sA4,r35
t_sA5,r12
t_sA5,r13
t_sA5,r14
t_sA5,r15
t_sA5,r16
t_sA5,r17
t_sA5,r18
t_sA5,r19
t_sA5,r20
t_sA5,r21
t_sA5,r22
t_sA5,r23
t_sA5,r24
t_sA5,r25
t_sA5,r26
t_sA5,r27
t_sA5,r28
t_sA5,r29
t_sA5,r30
t_sA5,r31
t_sA5,r32
t_sA5,r33
t_sA5,r34
t_sA5,r35
t_sA6,r12
t_sA6,r13
t_sA6,r14
t_sA6,r15
t_sA6,r16
t_sA6,r17
t_sA6,r18
t_sA6,r19
t_sA6,r20
t_sA6,r21
t_sA6,r22
t_sA6,r23
t_sA6,r24
t_sA6,r25
t_sA6,r26
t_sA6,r27
t_sA6,r28
t_sA6,r29
t_sA6,r30
t_sA6,r31
t_sA6,r32
t_sA6,r33
t_sA6,r34
t_sA6,r35
t_sA7,r12
t_sA7,r13
t_sA7,r14
t_sA7,r15
t_sA7,r16
t_sA7,r17
t_sA7,r18
t_sA7,r19
t_sA7,r20
t_sA7,r21
t_sA7,r22
t_sA7,r23
t_sA7,r24
t_sA7,r25
t_sA7,r26
t_sA7,r27
t_sA7,r28
t_sA7,r29
t_sA7,r30
t_sA7,r31
t_sA7,r32
t_sA7,r33
t_sA7,r34
t_sA7,r35
t_sA8,r12
t_sA8,r13
t_sA8,r14
t_sA8,r15
t_sA8,r16
t_sA8,r17
t_sA8,r18
t_sA8,r19
t_sA8,r20
t_sA8,r21
t_sA8,r22
t_sA8,r23
t_sA8,r24
t_sA8,r25
t_sA8,r26
t_sA8,r27
t_sA8,r28
t_sA8,r29
t_sA8,r30
t_sA8,r31
t_sA8,r32
t_sA8,r33
t_sA8,r34
t_sA8,r35
t_sA9,r12
t_sA9,r13
t_sA9,r14
t_sA9,r15
t_sA9,r16
t_sA9,r17
t_sA9,r18
t_sA9,r19
t_sA9,r20
t_sA9,r21
t_sA9,r22
t_sA9,r23
t_sA9,r24
t_sA9,r25
t_sA9,r26
t_sA9,r27
t_sA9,r28
t_sA9,r29
t_sA9,r30
t_sA9,r31
t_sA9,r32
t_sA9,r33
t_sA9,r34
t_sA9,r35
t_sA10,r12
t_sA10,r13
t_sA10,r14
t_sA10,r15
t_sA10,r16
t_sA10,r17
t_sA10,r18
t_sA10,r19
t_sA10,r20
t_sA10,r21
t_sA10,r22
t_sA10,r23
t_sA10,r24
t_sA10,r25
t_sA10,r26
t_sA10,r27
t_sA10,r28
t_sA10,r29
t_sA10,r30
t_sA10,r31
t_sA10,r32
t_sA10,r33
t_sA10,r34
t_sA10,r35
t_sO2,r12
t_sO2,r13
t_sO2,r14
t_sO2,r15
t_sO2,r16
t_sO2,r17
t_sO2,r18
t_sO2,r19
t_sO2,r20
t_sO2,r21
t_sO2,r22
t_sO2,r23
t_sO2,r24
t_sO2,r25
t_sO2,r26
t_sO2,r27
t_sO2,r28
t_sO2,r29
t_sO2,r30
t_sO2,r31
t_sO2,r32
t_sO2,r33
t_sO2,r34
t_sO2,r35
t_sO3,r12
t_sO3,r13
t_sO3,r14
t_sO3,r15
t_sO3,r16
t_sO3,r17
t_sO3,r18
t_sO3,r19
t_sO3,r20
t_sO3,r21
t_sO3,r22
t_sO3,r23
t_sO3,r24
t_sO3,r25
t_sO3,r26
t_sO3,r27
t_sO3,r28
t_sO3,r29
t_sO3,r30
t_sO3,r31
t_sO3,r32
t_sO3,r33
t_sO3,r34
t_sO3,r35
t_sO4,r12
t_sO4,r13
t_sO4,r14
t_sO4,r15
t_sO4,r16
t_sO4,r17
t_sO4,r18
t_sO4,r19
t_sO4,r20
t_sO4,r21
t_sO4,r22
t_sO4,r23
t_sO4,r24
t_sO4,r25
t_sO4,r26
t_sO4,r27
t_sO4,r28
t_sO4,r29
t_sO4,r30
t_sO4,r31
t_sO4,r32
t_sO4,r33
t_sO4,r34
t_sO4,r35
t_sO5,r12
t_sO5,r13
t_sO5,r14
t_sO5,r15
t_sO5,r16
t_sO5,r17
t_sO5,r18
t_sO5,r19
t_sO5,r20
t_sO5,r21
t_sO5,r22
t_sO5,r23
t_sO5,r24
t_sO5,r25
t_sO5,r26
t_sO5,r27
t_sO5,r28
t_sO5,r29
t_sO5,r30
t_sO5,r31
t_sO5,r32
t_sO5,r33
t_sO5,r34
t_sO5,r35
t_sO6,r12
t_sO6,r13
t_sO6,r14
t_sO6,r15
t_sO6,r16
t_sO6,r17
t_sO6,r18
t_sO6,r19
t_sO6,r20
t_sO6,r21
t_sO6,r22
t_sO6,r23
t_sO6,r24
t_sO6,r25
t_sO6,r26
t_sO6,r27
t_sO6,r28
t_sO6,r29
t_sO6,r30
t_sO6,r31
t_sO6,r32
t_sO6,r33
t_sO6,r34
t_sO6,r35
t_sO7,r12
t_sO7,r13
t_sO7,r14
t_sO7,r15
t_sO7,r16
t_sO7,r17
t_sO7,r18
t_sO7,r19
t_sO7,r20
t_sO7,r21
t_sO7,r22
t_sO7,r23
t_sO7,r24
t_sO7,r25
t_sO7,r26
t_sO7,r27
t_sO7,r28
t_sO7,r29
t_sO7,r30
t_sO7,r31
t_sO7,r32
t_sO7,r33
t_sO7,r34
t_sO7,r35
t_sO8,r12
t_sO8,r13
t_sO8,r14
t_sO8,r15
t_sO8,r16
t_sO8,r17
t_sO8,r18
t_sO8,r19
t_sO8,r20
t_sO8,r21
t_sO8,r22
t_sO8,r23
t_sO8,r24
t_sO8,r25
t_sO8,r26
t_sO8,r27
t_sO8,r28
t_sO8,r29
t_sO8,r30
t_sO8,r31
t_sO8,r32
t_sO8,r33
t_sO8,r34
t_sO8,r35
t_sO9,r12
t_sO9,r13
t_sO9,r14
t_sO9,r15
t_sO9,r16
t_sO9,r17
t_sO9,r18
t_sO9,r19
t_sO9,r20
t_sO9,r21
t_sO9,r22
t_sO9,r23
t_sO9,r24
t_sO9,r25
t_sO9,r26
t_sO9,r27
t_sO9,r28
t_sO9,r29
t_sO9,r30
t_sO9,r31
t_sO9,r32
t_sO9,r33
t_sO9,r34
t_sO9,r35
t_sO10,r12
t_sO10,r13
t_sO10,r14
t_sO10,r15
t_sO10,r16
t_sO10,r17
t_sO10,r18
t_sO10,r19
t_sO10,r20
t_sO10,r21
t_sO10,r22
t_sO10,r23
t_sO10,r24
t_sO10,r25
t_sO10,r26
t_sO10,r27
t_sO10,r28
t_sO10,r29
t_sO10,r30
t_sO10,r31
t_sO10,r32
t_sO10,r33
t_sO10,r34
t_sO10,r35
t_sD2,r12
t_sD2,r13
t_sD2,r14
t_sD2,r15
t_sD2,r16
t_sD2,r17
t_sD2,r18
t_sD2,r19
t_sD2,r20
t_sD2,r21
t_sD2,r22
t_sD2,r23
t_sD2,r24
t_sD2,r25
t_sD2,r26
t_sD2,r27
t_sD2,r28
t_sD2,r29
t_sD2,r30
t_sD2,r31
t_sD2,r32
t_sD2,r33
t_sD2,r34
t_sD2,r35
t_sD3,r12
t_sD3,r13
t_sD3,r14
t_sD3,r15
t_sD3,r16
t_sD3,r17
t_sD3,r18
t_sD3,r19
t_sD3,r20
t_sD3,r21
t_sD3,r22
t_sD3,r23
t_sD3,r24
t_sD3,r25
t_sD3,r26
t_sD3,r27
t_sD3,r28
t_sD3,r29
t_sD3,r30
t_sD3,r31
t_sD3,r32
t_sD3,r33
t_sD3,r34
t_sD3,r35
t_sD4,r12
t_sD4,r13
t_sD4,r14
t_sD4,r15
t_sD4,r16
t_sD4,r17
t_sD4,r18
t_sD4,r19
t_sD4,r20
t_sD4,r21
t_sD4,r22
t_sD4,r23
t_sD4,r24
t_sD4,r25
t_sD4,r26
t_sD4,r27
t_sD4,r28
t_sD4,r29
t_sD4,r30
t_sD4,r31
t_sD4,r32
t_sD4,r33
t_sD4,r34
t_sD4,r35
t_sD5,r12
t_sD5,r13
t_sD5,r14
t_sD5,r15
t_sD5,r16
t_sD5,r17
t_sD5,r18
t_sD5,r19
t_sD5,r20
t_sD5,r21
t_sD5,r22
t_sD5,r23
t_sD5,r24
t_sD5,r25
t_sD5,r26
t_sD5,r27
t_sD5,r28
t_sD5,r29
t_sD5,r30
t_sD5,r31
t_sD5,r32
t_sD5,r33
t_sD5,r34
t_sD5,r35
t_sD6,r12
t_sD6,r13
t_sD6,r14
t_sD6,r15
t_sD6,r16
t_sD6,r17
t_sD6,r18
t_sD6,r19
t_sD6,r20
t_sD6,r21
t_sD6,r22
t_sD6,r23
t_sD6,r24
t_sD6,r25
t_sD6,r26
t_sD6,r27
t_sD6,r28
t_sD6,r29
t_sD6,r30
t_sD6,r31
t_sD6,r32
t_sD6,r33
t_sD6,r34
t_sD6,r35
t_sD7,r12
t_sD7,r13
t_sD7,r14
t_sD7,r15
t_sD7,r16
t_sD7,r17
t_sD7,r18
t_sD7,r19
t_sD7,r20
t_sD7,r21
t_sD7,r22
t_sD7,r23
t_sD7,r24
t_sD7,r25
t_sD7,r26
t_sD7,r27
t_sD7,r28
t_sD7,r29
t_sD7,r30
t_sD7,r31
t_sD7,r32
t_sD7,r33
t_sD7,r34
t_sD7,r35
t_sD8,r12
t_sD8,r13
t_sD8,r14
t_sD8,r15
t_sD8,r16
t_sD8,r17
t_sD8,r18
t_sD8,r19
t_sD8,r20
t_sD8,r21
t_sD8,r22
t_sD8,r23
t_sD8,r24
t_sD8,r25
t_sD8,r26
t_sD8,r27
t_sD8,r28
t_sD8,r29
t_sD8,r30
t_sD8,r31
t_sD8,r32
t_sD8,r33
t_sD8,r34
t_sD8,r35
t_sD9,r12
t_sD9,r13
t_sD9,r14
t_sD9,r15
t_sD9,r16
t_sD9,r17
t_sD9,r18
t_sD9,r19
t_sD9,r20
t_sD9,r21
t_sD9,r22
t_sD9,r23
t_sD9,r24
t_sD9,r25
t_sD9,r26
t_sD9,r27
t_sD9,r28
t_sD9,r29
t_sD9,r30
t_sD9,r31
t_sD9,r32
t_sD9,r33
t_sD9,r34
t_sD9,r35
t_sD10,r12
t_sD10,r13
t_sD10,r14
t_sD10,r15
t_sD10,r16
t_sD10,r17
t_sD10,r18
t_sD10,r19
t_sD10,r20
t_sD10,r21
t_sD10,r22
t_sD10,r23
t_sD10,r24
t_sD10,r25
t_sD10,r26
t_sD10,r27
t_sD10,r28
t_sD10,r29
t_sD10,r30
t_sD10,r31
t_sD10,r32
t_sD10,r33
t_sD10,r34
t_sD10,r35
t_yC1,r1
t_yC1,r2
t_yC1,r3
t_yC1,r4
t_yC1,r5
t_yC1,r6
t_yC1,r7
t_yC1,r8
t_yC1,r9
t_yC1,r10
t_yC1,r11
t_yC1,r12
t_yC1,r13
t_yC1,r14
t_yC1,r15
t_yC1,r16
t_yC1,r17
t_yC1,r18
t_yC1,r19
t_yC1,r20
t_yC1,r21
t_yC1,r22
t_yC1,r23
t_yC1,r24
t_yC1,r25
t_yC1,r26
t_yC1,r27
t_yC1,r28
t_yC1,r29
t_yC1,r30
t_yC1,r31
t_yC1,r32
t_yC1,r33
t_yC1,r34
t_yC1,r35
t_yC2,r1
t_yC2,r2
t_yC2,r3
t_yC2,r4
t_yC2,r5
t_yC2,r6
t_yC2,r7
t_yC2,r8
t_yC2,r9
t_yC2,r10
t_yC2,r11
t_yC2,r12
t_yC2,r13
t_yC2,r14
t_yC2,r15
t_yC2,r16
t_yC2,r17
t_yC2,r18
t_yC2,r19
t_yC2,r20
t_yC2,r21
t_yC2,r22
t_yC2,r23
t_yC2,r24
t_yC2,r25
t_yC2,r26
t_yC2,r27
t_yC2,r28
t_yC2,r29
t_yC2,r30
t_yC2,r31
t_yC2,r32
t_yC2,r33
t_yC2,r34
t_yC2,r35
t_yC3,r1
t_yC3,r2
t_yC3,r3
t_yC3,r4
t_yC3,r5
t_yC3,r6
t_yC3,r7
t_yC3,r8
t_yC3,r9
t_yC3,r10
t_yC3,r11
t_yC3,r12
t_yC3,r13
t_yC3,r14
t_yC3,r15
t_yC3,r16
t_yC3,r17
t_yC3,r18
t_yC3,r19
t_yC3,r20
t_yC3,r21
t_yC3,r22
t_yC3,r23
t_yC3,r24
t_yC3,r25
t_yC3,r26
t_yC3,r27
t_yC3,r28
t_yC3,r29
t_yC3,r30
t_yC3,r31
t_yC3,r32
t_yC3,r33
t_yC3,r34
t_yC3,r35
t_yC4,r1
t_yC4,r2
t_yC4,r3
t_yC4,r4
t_yC4,r5
t_yC4,r6
t_yC4,r7
t_yC4,r8
t_yC4,r9
t_yC4,r10
t_yC4,r11
t_yC4,r12
t_yC4,r13
t_yC4,r14
t_yC4,r15
t_yC4,r16
t_yC4,r17
t_yC4,r18
t_yC4,r19
t_yC4,r20
t_yC4,r21
t_yC4,r22
t_yC4,r23
t_yC4,r24
t_yC4,r25
t_yC4,r26
t_yC4,r27
t_yC4,r28
t_yC4,r29
t_yC4,r30
t_yC4,r31
t_yC4,r32
t_yC4,r33
t_yC4,r34
t_yC4,r35
t_yC5,r1
t_yC5,r2
t_yC5,r3
t_yC5,r4
t_yC5,r5
t_yC5,r6
t_yC5,r7
t_yC5,r8
t_yC5,r9
t_yC5,r10
t_yC5,r11
t_yC5,r12
t_yC5,r13
t_yC5,r14
t_yC5,r15
t_yC5,r16
t_yC5,r17
t_yC5,r18
t_yC5,r19
t_yC5,r20
t_yC5,r21
t_yC5,r22
t_yC5,r23
t_yC5,r24
t_yC5,r25
t_yC5,r26
t_yC5,r27
t_yC5,r28
t_yC5,r29
t_yC5,r30
t_yC5,r31
t_yC5,r32
t_yC5,r33
t_yC5,r34
t_yC5,r35
t_yC6,r1
t_yC6,r2
t_yC6,r3
t_yC6,r4
t_yC6,r5
t_yC6,r6
t_yC6,r7
t_yC6,r8
t_yC6,r9
t_yC6,r10
t_yC6,r11
t_yC6,r12
t_yC6,r13
t_yC6,r14
t_yC6,r15
t_yC6,r16
t_yC6,r17
t_yC6,r18
t_yC6,r19
t_yC6,r20
t_yC6,r21
t_yC6,r22
t_yC6,r23
t_yC6,r24
t_yC6,r25
t_yC6,r26
t_yC6,r27
t_yC6,r28
t_yC6,r29
t_yC6,r30
t_yC6,r31
t_yC6,r32
t_yC6,r33
t_yC6,r34
t_yC6,r35
t_yC7,r1
t_yC7,r2
t_yC7,r3
t_yC7,r4
t_yC7,r5
t_yC7,r6
t_yC7,r7
t_yC7,r8
t_yC7,r9
t_yC7,r10
t_yC7,r11
t_yC7,r12
t_yC7,r13
t_yC7,r14
t_yC7,r15
t_yC7,r16
t_yC7,r17
t_yC7,r18
t_yC7,r19
t_yC7,r20
t_yC7,r21
t_yC7,r22
t_yC7,r23
t_yC7,r24
t_yC7,r25
t_yC7,r26
t_yC7,r27
t_yC7,r28
t_yC7,r29
t_yC7,r30
t_yC7,r31
t_yC7,r32
t_yC7,r33
t_yC7,r34
t_yC7,r35
t_yC8,r1
t_yC8,r2
t_yC8,r3
t_yC8,r4
t_yC8,r5
t_yC8,r6
t_yC8,r7
t_yC8,r8
t_yC8,r9
t_yC8,r10
t_yC8,r11
t_yC8,r12
t_yC8,r13
t_yC8,r14
t_yC8,r15
t_yC8,r16
t_yC8,r17
t_yC8,r18
t_yC8,r19
t_yC8,r20
t_yC8,r21
t_yC8,r22
t_yC8,r23
t_yC8,r24
t_yC8,r25
t_yC8,r26
t_yC8,r27
t_yC8,r28
t_yC8,r29
t_yC8,r30
t_yC8,r31
t_yC8,r32
t_yC8,r33
t_yC8,r34
t_yC8,r35
t_yC9,r1
t_yC9,r2
t_yC9,r3
t_yC9,r4
t_yC9,r5
t_yC9,r6
t_yC9,r7
t_yC9,r8
t_yC9,r9
t_yC9,r10
t_yC9,r11
t_yC9,r12
t_yC9,r13
t_yC9,r14
t_yC9,r15
t_yC9,r16
t_yC9,r17
t_yC9,r18
t_yC9,r19
t_yC9,r20
t_yC9,r21
t_yC9,r22
t_yC9,r23
t_yC9,r24
t_yC9,r25
t_yC9,r26
t_yC9,r27
t_yC9,r28
t_yC9,r29
t_yC9,r30
t_yC9,r31
t_yC9,r32
t_yC9,r33
t_yC9,r34
t_yC9,r35
t_yC10,r1
t_yC10,r2
t_yC10,r3
t_yC10,r4
t_yC10,r5
t_yC10,r6
t_yC10,r7
t_yC10,r8
t_yC10,r9
t_yC10,r10
t_yC10,r11
t_yC10,r12
t_yC10,r13
t_yC10,r14
t_yC10,r15
t_yC10,r16
t_yC10,r17
t_yC10,r18
t_yC10,r19
t_yC10,r20
t_yC10,r21
t_yC10,r22
t_yC10,r23
t_yC10,r24
t_yC10,r25
t_yC10,r26
t_yC10,r27
t_yC10,r28
t_yC10,r29
t_yC10,r30
t_yC10,r31
t_yC10,r32
t_yC10,r33
t_yC10,r34
t_yC10,r35
t_yS1,r1
t_yS1,r2
t_yS1,r3
t_yS1,r4
t_yS1,r5
t_yS1,r6
t_yS1,r7
t_yS1,r8
t_yS1,r9
t_yS1,r10
t_yS1,r11
t_yS1,r12
t_yS1,r13
t_yS1,r14
t_yS1,r15
t_yS1,r16
t_yS1,r17
t_yS1,r18
t_yS1,r19
t_yS1,r20
t_yS1,r21
t_yS1,r22
t_yS1,r23
t_yS1,r24
t_yS1,r25
t_yS1,r26
t_yS1,r27
t_yS1,r28
t_yS1,r29
t_yS1,r30
t_yS1,r31
t_yS1,r32
t_yS1,r33
t_yS1,r34
t_yS1,r35
t_yS2,r1
t_yS2,r2
t_yS2,r3
t_yS2,r4
t_yS2,r5
t_yS2,r6
t_yS2,r7
t_yS2,r8
t_yS2,r9
t_yS2,r10
t_yS2,r11
t_yS2,r12
t_yS2,r13
t_yS2,r14
t_yS2,r15
t_yS2,r16
t_yS2,r17
t_yS2,r18
t_yS2,r19
t_yS2,r20
t_yS2,r21
t_yS2,r22
t_yS2,r23
t_yS2,r24
t_yS2,r25
t_yS2,r26
t_yS2,r27
t_yS2,r28
t_yS2,r29
t_yS2,r30
t_yS2,r31
t_yS2,r32
t_yS2,r33
t_yS2,r34
t_yS2,r35
t_yS3,r1
t_yS3,r2
t_yS3,r3
t_yS3,r4
t_yS3,r5
t_yS3,r6
t_yS3,r7
t_yS3,r8
t_yS3,r9
t_yS3,r10
t_yS3,r11
t_yS3,r12
t_yS3,r13
t_yS3,r14
t_yS3,r15
t_yS3,r16
t_yS3,r17
t_yS3,r18
t_yS3,r19
t_yS3,r20
t_yS3,r21
t_yS3,r22
t_yS3,r23
t_yS3,r24
t_yS3,r25
t_yS3,r26
t_yS3,r27
t_yS3,r28
t_yS3,r29
t_yS3,r30
t_yS3,r31
t_yS3,r32
t_yS3,r33
t_yS3,r34
t_yS3,r35
t_yS4,r1
t_yS4,r2
t_yS4,r3
t_yS4,r4
t_yS4,r5
t_yS4,r6
t_yS4,r7
t_yS4,r8
t_yS4,r9
t_yS4,r10
t_yS4,r11
t_yS4,r12
t_yS4,r13
t_yS4,r14
t_yS4,r15
t_yS4,r16
t_yS4,r17
t_yS4,r18
t_yS4,r19
t_yS4,r20
t_yS4,r21
t_yS4,r22
t_yS4,r23
t_yS4,r24
t_yS4,r25
t_yS4,r26
t_yS4,r27
t_yS4,r28
t_yS4,r29
t_yS4,r30
t_yS4,r31
t_yS4,r32
t_yS4,r33
t_yS4,r34
t_yS4,r35
t_yS5,r1
t_yS5,r2
t_yS5,r3
t_yS5,r4
t_yS5,r5
t_yS5,r6
t_yS5,r7
t_yS5,r8
t_yS5,r9
t_yS5,r10
t_yS5,r11
t_yS5,r12
t_yS5,r13
t_yS5,r14
t_yS5,r15
t_yS5,r16
t_yS5,r17
t_yS5,r18
t_yS5,r19
t_yS5,r20
t_yS5,r21
t_yS5,r22
t_yS5,r23
t_yS5,r24
t_yS5,r25
t_yS5,r26
t_yS5,r27
t_yS5,r28
t_yS5,r29
t_yS5,r30
t_yS5,r31
t_yS5,r32
t_yS5,r33
t_yS5,r34
t_yS5,r35
t_yS6,r1
t_yS6,r2
t_yS6,r3
t_yS6,r4
t_yS6,r5
t_yS6,r6
t_yS6,r7
t_yS6,r8
t_yS6,r9
t_yS6,r10
t_yS6,r11
t_yS6,r12
t_yS6,r13
t_yS6,r14
t_yS6,r15
t_yS6,r16
t_yS6,r17
t_yS6,r18
t_yS6,r19
t_yS6,r20
t_yS6,r21
t_yS6,r22
t_yS6,r23
t_yS6,r24
t_yS6,r25
t_yS6,r26
t_yS6,r27
t_yS6,r28
t_yS6,r29
t_yS6,r30
t_yS6,r31
t_yS6,r32
t_yS6,r33
t_yS6,r34
t_yS6,r35
t_yS7,r1
t_yS7,r2
t_yS7,r3
t_yS7,r4
t_yS7,r5
t_yS7,r6
t_yS7,r7
t_yS7,r8
t_yS7,r9
t_yS7,r10
t_yS7,r11
t_yS7,r12
t_yS7,r13
t_yS7,r14
t_yS7,r15
t_yS7,r16
t_yS7,r17
t_yS7,r18
t_yS7,r19
t_yS7,r20
t_yS7,r21
t_yS7,r22
t_yS7,r23
t_yS7,r24
t_yS7,r25
t_yS7,r26
t_yS7,r27
t_yS7,r28
t_yS7,r29
t_yS7,r30
t_yS7,r31
t_yS7,r32
t_yS7,r33
t_yS7,r34
t_yS7,r35
t_yS8,r1
t_yS8,r2
t_yS8,r3
t_yS8,r4
t_yS8,r5
t_yS8,r6
t_yS8,r7
t_yS8,r8
t_yS8,r9
t_yS8,r10
t_yS8,r11
t_yS8,r12
t_yS8,r13
t_yS8,r14
t_yS8,r15
t_yS8,r16
t_yS8,r17
t_yS8,r18
t_yS8,r19
t_yS8,r20
t_yS8,r21
t_yS8,r22
t_yS8,r23
t_yS8,r24
t_yS8,r25
t_yS8,r26
t_yS8,r27
t_yS8,r28
t_yS8,r29
t_yS8,r30
t_yS8,r31
t_yS8,r32
t_yS8,r33
t_yS8,r34
t_yS8,r35
t_yS9,r1
t_yS9,r2
t_yS9,r3
t_yS9,r4
t_yS9,r5
t_yS9,r6
t_yS9,r7
t_yS9,r8
t_yS9,r9
t_yS9,r10
t_yS9,r11
t_yS9,r12
t_yS9,r13
t_yS9,r14
t_yS9,r15
t_yS9,r16
t_yS9,r17
t_yS9,r18
t_yS9,r19
t_yS9,r20
t_yS9,r21
t_yS9,r22
t_yS9,r23
t_yS9,r24
t_yS9,r25
t_yS9,r26
t_yS9,r27
t_yS9,r28
t_yS9,r29
t_yS9,r30
t_yS9,r31
t_yS9,r32
t_yS9,r33
t_yS9,r34
t_yS9,r35
t_yS10,r1
t_yS10,r2
t_yS10,r3
t_yS10,r4
t_yS10,r5
t_yS10,r6
t_yS10,r7
t_yS10,r8
t_yS10,r9
t_yS10,r10
t_yS10,r11
t_yS10,r12
t_yS10,r13
t_yS10,r14
t_yS10,r15
t_yS10,r16
t_yS10,r17
t_yS10,r18
t_yS10,r19
t_yS10,r20
t_yS10,r21
t_yS10,r22
t_yS10,r23
t_yS10,r24
t_yS10,r25
t_yS10,r26
t_yS10,r27
t_yS10,r28
t_yS10,r29
t_yS10,r30
t_yS10,r31
t_yS10,r32
t_yS10,r33
t_yS10,r34
t_yS10,r35
t_yA1,r1
t_yA1,r2
t_yA1,r3
t_yA1,r4
t_yA1,r5
t_yA1,r6
t_yA1,r7
t_yA1,r8
t_yA1,r9
t_yA1,r10
t_yA1,r11
t_yA1,r12
t_yA1,r13
t_yA1,r14
t_yA1,r15
t_yA1,r16
t_yA1,r17
t_yA1,r18
t_yA1,r19
t_yA1,r20
t_yA1,r21
t_yA1,r22
t_yA1,r23
t_yA1,r24
t_yA1,r25
t_yA1,r26
t_yA1,r27
t_yA1,r28
t_yA1,r29
t_yA1,r30
t_yA1,r31
t_yA1,r32
t_yA1,r33
t_yA1,r34
t_yA1,r35
t_yA2,r1
t_yA2,r2
t_yA2,r3
t_yA2,r4
t_yA2,r5
t_yA2,r6
t_yA2,r7
t_yA2,r8
t_yA2,r9
t_yA2,r10
t_yA2,r11
t_yA2,r12
t_yA2,r13
t_yA2,r14
t_yA2,r15
t_yA2,r16
t_yA2,r17
t_yA2,r18
t_yA2,r19
t_yA2,r20
t_yA2,r21
t_yA2,r22
t_yA2,r23
t_yA2,r24
t_yA2,r25
t_yA2,r26
t_yA2,r27
t_yA2,r28
t_yA2,r29
t_yA2,r30
t_yA2,r31
t_yA2,r32
t_yA2,r33
t_yA2,r34
t_yA2,r35
t_yA3,r1
t_yA3,r2
t_yA3,r3
t_yA3,r4
t_yA3,r5
t_yA3,r6
t_yA3,r7
t_yA3,r8
t_yA3,r9
t_yA3,r10
t_yA3,r11
t_yA3,r12
t_yA3,r13
t_yA3,r14
t_yA3,r15
t_yA3,r16
t_yA3,r17
t_yA3,r18
t_yA3,r19
t_yA3,r20
t_yA3,r21
t_yA3,r22
t_yA3,r23
t_yA3,r24
t_yA3,r25
t_yA3,r26
t_yA3,r27
t_yA3,r28
t_yA3,r29
t_yA3,r30
t_yA3,r31
t_yA3,r32
t_yA3,r33
t_yA3,r34
t_yA3,r35
t_yA4,r1
t_yA4,r2
t_yA4,r3
t_yA4,r4
t_yA4,r5
t_yA4,r6
t_yA4,r7
t_yA4,r8
t_yA4,r9
t_yA4,r10
t_yA4,r11
t_yA4,r12
t_yA4,r13
t_yA4,r14
t_yA4,r15
t_yA4,r16
t_yA4,r17
t_yA4,r18
t_yA4,r19
t_yA4,r20
t_yA4,r21
t_yA4,r22
t_yA4,r23
t_yA4,r24
t_yA4,r25
t_yA4,r26
t_yA4,r27
t_yA4,r28
t_yA4,r29
t_yA4,r30
t_yA4,r31
t_yA4,r32
t_yA4,r33
t_yA4,r34
t_yA4,r35
t_yA5,r1
t_yA5,r2
t_yA5,r3
t_yA5,r4
t_yA5,r5
t_yA5,r6
t_yA5,r7
t_yA5,r8
t_yA5,r9
t_yA5,r10
t_yA5,r11
t_yA5,r12
t_yA5,r13
t_yA5,r14
t_yA5,r15
t_yA5,r16
t_yA5,r17
t_yA5,r18
t_yA5,r19
t_yA5,r20
t_yA5,r21
t_yA5,r22
t_yA5,r23
t_yA5,r24
t_yA5,r25
t_yA5,r26
t_yA5,r27
t_yA5,r28
t_yA5,r29
t_yA5,r30
t_yA5,r31
t_yA5,r32
t_yA5,r33
t_yA5,r34
t_yA5,r35
t_yA6,r1
t_yA6,r2
t_yA6,r3
t_yA6,r4
t_yA6,r5
t_yA6,r6
t_yA6,r7
t_yA6,r8
t_yA6,r9
t_yA6,r10
t_yA6,r11
t_yA6,r12
t_yA6,r13
t_yA6,r14
t_yA6,r15
t_yA6,r16
t_yA6,r17
t_yA6,r18
t_yA6,r19
t_yA6,r20
t_yA6,r21
t_yA6,r22
t_yA6,r23
t_yA6,r24
t_yA6,r25
t_yA6,r26
t_yA6,r27
t_yA6,r28
t_yA6,r29
t_yA6,r30
t_yA6,r31
t_yA6,r32
t_yA6,r33
t_yA6,r34
t_yA6,r35
t_yA7,r1
t_yA7,r2
t_yA7,r3
t_yA7,r4
t_yA7,r5
t_yA7,r6
t_yA7,r7
t_yA7,r8
t_yA7,r9
t_yA7,r10
t_yA7,r11
t_yA7,r12
t_yA7,r13
t_yA7,r14
t_yA7,r15
t_yA7,r16
t_yA7,r17
t_yA7,r18
t_yA7,r19
t_yA7,r20
t_yA7,r21
t_yA7,r22
t_yA7,r23
t_yA7,r24
t_yA7,r25
t_yA7,r26
t_yA7,r27
t_yA7,r28
t_yA7,r29
t_yA7,r30
t_yA7,r31
t_yA7,r32
t_yA7,r33
t_yA7,r34
t_yA7,r35
t_yA8,r1
t_yA8,r2
t_yA8,r3
t_yA8,r4
t_yA8,r5
t_yA8,r6
t_yA8,r7
t_yA8,r8
t_yA8,r9
t_yA8,r10
t_yA8,r11
t_yA8,r12
t_yA8,r13
t_yA8,r14
t_yA8,r15
t_yA8,r16
t_yA8,r17
t_yA8,r18
t_yA8,r19
t_yA8,r20
t_yA8,r21
t_yA8,r22
t_yA8,r23
t_yA8,r24
t_yA8,r25
t_yA8,r26
t_yA8,r27
t_yA8,r28
t_yA8,r29
t_yA8,r30
t_yA8,r31
t_yA8,r32
t_yA8,r33
t_yA8,r34
t_yA8,r35
t_yA9,r1
t_yA9,r2
t_yA9,r3
t_yA9,r4
t_yA9,r5
t_yA9,r6
t_yA9,r7
t_yA9,r8
t_yA9,r9
t_yA9,r10
t_yA9,r11
t_yA9,r12
t_yA9,r13
t_yA9,r14
t_yA9,r15
t_yA9,r16
t_yA9,r17
t_yA9,r18
t_yA9,r19
t_yA9,r20
t_yA9,r21
t_yA9,r22
t_yA9,r23
t_yA9,r24
t_yA9,r25
t_yA9,r26
t_yA9,r27
t_yA9,r28
t_yA9,r29
t_yA9,r30
t_yA9,r31
t_yA9,r32
t_yA9,r33
t_yA9,r34
t_yA9,r35
t_yA10,r1
t_yA10,r2
t_yA10,r3
t_yA10,r4
t_yA10,r5
t_yA10,r6
t_yA10,r7
t_yA10,r8
t_yA10,r9
t_yA10,r10
t_yA10,r11
t_yA10,r12
t_yA10,r13
t_yA10,r14
t_yA10,r15
t_yA10,r16
t_yA10,r17
t_yA10,r18
t_yA10,r19
t_yA10,r20
t_yA10,r21
t_yA10,r22
t_yA10,r23
t_yA10,r24
t_yA10,r25
t_yA10,r26
t_yA10,r27
t_yA10,r28
t_yA10,r29
t_yA10,r30
t_yA10,r31
t_yA10,r32
t_yA10,r33
t_yA10,r34
t_yA10,r35
t_yO1,r1
t_yO1,r2
t_yO1,r3
t_yO1,r4
t_yO1,r5
t_yO1,r6
t_yO1,r7
t_yO1,r8
t_yO1,r9
t_yO1,r10
t_yO1,r11
t_yO1,r12
t_yO1,r13
t_yO1,r14
t_yO1,r15
t_yO1,r16
t_yO1,r17
t_yO1,r18
t_yO1,r19
t_yO1,r20
t_yO1,r21
t_yO1,r22
t_yO1,r23
t_yO1,r24
t_yO1,r25
t_yO1,r26
t_yO1,r27
t_yO1,r28
t_yO1,r29
t_yO1,r30
t_yO1,r31
t_yO1,r32
t_yO1,r33
t_yO1,r34
t_yO1,r35
t_yO2,r1
t_yO2,r2
t_yO2,r3
t_yO2,r4
t_yO2,r5
t_yO2,r6
t_yO2,r7
t_yO2,r8
t_yO2,r9
t_yO2,r10
t_yO2,r11
t_yO2,r12
t_yO2,r13
t_yO2,r14
t_yO2,r15
t_yO2,r16
t_yO2,r17
t_yO2,r18
t_yO2,r19
t_yO2,r20
t_yO2,r21
t_yO2,r22
t_yO2,r23
t_yO2,r24
t_yO2,r25
t_yO2,r26
t_yO2,r27
t_yO2,r28
t_yO2,r29
t_yO2,r30
t_yO2,r31
t_yO2,r32
t_yO2,r33
t_yO2,r34
t_yO2,r35
t_yO3,r1
t_yO3,r2
t_yO3,r3
t_yO3,r4
t_yO3,r5
t_yO3,r6
t_yO3,r7
t_yO3,r8
t_yO3,r9
t_yO3,r10
t_yO3,r11
t_yO3,r12
t_yO3,r13
t_yO3,r14
t_yO3,r15
t_yO3,r16
t_yO3,r17
t_yO3,r18
t_yO3,r19
t_yO3,r20
t_yO3,r21
t_yO3,r22
t_yO3,r23
t_yO3,r24
t_yO3,r25
t_yO3,r26
t_yO3,r27
t_yO3,r28
t_yO3,r29
t_yO3,r30
t_yO3,r31
t_yO3,r32
t_yO3,r33
t_yO3,r34
t_yO3,r35
t_yO4,r1
t_yO4,r2
t_yO4,r3
t_yO4,r4
t_yO4,r5
t_yO4,r6
t_yO4,r7
t_yO4,r8
t_yO4,r9
t_yO4,r10
t_yO4,r11
t_yO4,r12
t_yO4,r13
t_yO4,r14
t_yO4,r15
t_yO4,r16
t_yO4,r17
t_yO4,r18
t_yO4,r19
t_yO4,r20
t_yO4,r21
t_yO4,r22
t_yO4,r23
t_yO4,r24
t_yO4,r25
t_yO4,r26
t_yO4,r27
t_yO4,r28
t_yO4,r29
t_yO4,r30
t_yO4,r31
t_yO4,r32
t_yO4,r33
t_yO4,r34
t_yO4,r35
t_yO5,r1
t_yO5,r2
t_yO5,r3
t_yO5,r4
t_yO5,r5
t_yO5,r6
t_yO5,r7
t_yO5,r8
t_yO5,r9
t_yO5,r10
t_yO5,r11
t_yO5,r12
t_yO5,r13
t_yO5,r14
t_yO5,r15
t_yO5,r16
t_yO5,r17
t_yO5,r18
t_yO5,r19
t_yO5,r20
t_yO5,r21
t_yO5,r22
t_yO5,r23
t_yO5,r24
t_yO5,r25
t_yO5,r26
t_yO5,r27
t_yO5,r28
t_yO5,r29
t_yO5,r30
t_yO5,r31
t_yO5,r32
t_yO5,r33
t_yO5,r34
t_yO5,r35
t_yO6,r1
t_yO6,r2
t_yO6,r3
t_yO6,r4
t_yO6,r5
t_yO6,r6
t_yO6,r7
t_yO6,r8
t_yO6,r9
t_yO6,r10
t_yO6,r11
t_yO6,r12
t_yO6,r13
t_yO6,r14
t_yO6,r15
t_yO6,r16
t_yO6,r17
t_yO6,r18
t_yO6,r19
t_yO6,r20
t_yO6,r21
t_yO6,r22
t_yO6,r23
t_yO6,r24
t_yO6,r25
t_yO6,r26
t_yO6,r27
t_yO6,r28
t_yO6,r29
t_yO6,r30
t_yO6,r31
t_yO6,r32
t_yO6,r33
t_yO6,r34
t_yO6,r35
t_yO7,r1
t_yO7,r2
t_yO7,r3
t_yO7,r4
t_yO7,r5
t_yO7,r6
t_yO7,r7
t_yO7,r8
t_yO7,r9
t_yO7,r10
t_yO7,r11
t_yO7,r12
t_yO7,r13
t_yO7,r14
t_yO7,r15
t_yO7,r16
t_yO7,r17
t_yO7,r18
t_yO7,r19
t_yO7,r20
t_yO7,r21
t_yO7,r22
t_yO7,r23
t_yO7,r24
t_yO7,r25
t_yO7,r26
t_yO7,r27
t_yO7,r28
t_yO7,r29
t_yO7,r30
t_yO7,r31
t_yO7,r32
t_yO7,r33
t_yO7,r34
t_yO7,r35
t_yO8,r1
t_yO8,r2
t_yO8,r3
t_yO8,r4
t_yO8,r5
t_yO8,r6
t_yO8,r7
t_yO8,r8
t_yO8,r9
t_yO8,r10
t_yO8,r11
t_yO8,r12
t_yO8,r13
t_yO8,r14
t_yO8,r15
t_yO8,r16
t_yO8,r17
t_yO8,r18
t_yO8,r19
t_yO8,r20
t_yO8,r21
t_yO8,r22
t_yO8,r23
t_yO8,r24
t_yO8,r25
t_yO8,r26
t_yO8,r27
t_yO8,r28
t_yO8,r29
t_yO8,r30
t_yO8,r31
t_yO8,r32
t_yO8,r33
t_yO8,r34
t_yO8,r35
t_yO9,r1
t_yO9,r2
t_yO9,r3
t_yO9,r4
t_yO9,r5
t_yO9,r6
t_yO9,r7
t_yO9,r8
t_yO9,r9
t_yO9,r10
t_yO9,r11
t_yO9,r12
t_yO9,r13
t_yO9,r14
t_yO9,r15
t_yO9,r16
t_yO9,r17
t_yO9,r18
t_yO9,r19
t_yO9,r20
t_yO9,r21
t_yO9,r22
t_yO9,r23
t_yO9,r24
t_yO9,r25
t_yO9,r26
t_yO9,r27
t_yO9,r28
t_yO9,r29
t_yO9,r30
t_yO9,r31
t_yO9,r32
t_yO9,r33
t_yO9,r34
t_yO9,r35
t_yO10,r1
t_yO10,r2
t_yO10,r3
t_yO10,r4
t_yO10,r5
t_yO10,r6
t_yO10,r7
t_yO10,r8
t_yO10,r9
t_yO10,r10
t_yO10,r11
t_yO10,r12
t_yO10,r13
t_yO10,r14
t_yO10,r15
t_yO10,r16
t_yO10,r17
t_yO10,r18
t_yO10,r19
t_yO10,r20
t_yO10,r21
t_yO10,r22
t_yO10,r23
t_yO10,r24
t_yO10,r25
t_yO10,r26
t_yO10,r27
t_yO10,r28
t_yO10,r29
t_yO10,r30
t_yO10,r31
t_yO10,r32
t_yO10,r33
t_yO10,r34
t_yO10,r35
t_yD1,r1
t_yD1,r2
t_yD1,r3
t_yD1,r4
t_yD1,r5
t_yD1,r6
t_yD1,r7
t_yD1,r8
t_yD1,r9
t_yD1,r10
t_yD1,r11
t_yD1,r12
t_yD1,r13
t_yD1,r14
t_yD1,r15
t_yD1,r16
t_yD1,r17
t_yD1,r18
t_yD1,r19
t_yD1,r20
t_yD1,r21
t_yD1,r22
t_yD1,r23
t_yD1,r24
t_yD1,r25
t_yD1,r26
t_yD1,r27
t_yD1,r28
t_yD1,r29
t_yD1,r30
t_yD1,r31
t_yD1,r32
t_yD1,r33
t_yD1,r34
t_yD1,r35
t_yD2,r1
t_yD2,r2
t_yD2,r3
t_yD2,r4
t_yD2,r5
t_yD2,r6
t_yD2,r7
t_yD2,r8
t_yD2,r9
t_yD2,r10
t_yD2,r11
t_yD2,r12
t_yD2,r13
t_yD2,r14
t_yD2,r15
t_yD2,r16
t_yD2,r17
t_yD2,r18
t_yD2,r19
t_yD2,r20
t_yD2,r21
t_yD2,r22
t_yD2,r23
t_yD2,r24
t_yD2,r25
t_yD2,r26
t_yD2,r27
t_yD2,r28
t_yD2,r29
t_yD2,r30
t_yD2,r31
t_yD2,r32
t_yD2,r33
t_yD2,r34
t_yD2,r35
t_yD3,r1
t_yD3,r2
t_yD3,r3
t_yD3,r4
t_yD3,r5
t_yD3,r6
t_yD3,r7
t_yD3,r8
t_yD3,r9
t_yD3,r10
t_yD3,r11
t_yD3,r12
t_yD3,r13
t_yD3,r14
t_yD3,r15
t_yD3,r16
t_yD3,r17
t_yD3,r18
t_yD3,r19
t_yD3,r20
t_yD3,r21
t_yD3,r22
t_yD3,r23
t_yD3,r24
t_yD3,r25
t_yD3,r26
t_yD3,r27
t_yD3,r28
t_yD3,r29
t_yD3,r30
t_yD3,r31
t_yD3,r32
t_yD3,r33
t_yD3,r34
t_yD3,r35
t_yD4,r1
t_yD4,r2
t_yD4,r3
t_yD4,r4
t_yD4,r5
t_yD4,r6
t_yD4,r7
t_yD4,r8
t_yD4,r9
t_yD4,r10
t_yD4,r11
t_yD4,r12
t_yD4,r13
t_yD4,r14
t_yD4,r15
t_yD4,r16
t_yD4,r17
t_yD4,r18
t_yD4,r19
t_yD4,r20
t_yD4,r21
t_yD4,r22
t_yD4,r23
t_yD4,r24
t_yD4,r25
t_yD4,r26
t_yD4,r27
t_yD4,r28
t_yD4,r29
t_yD4,r30
t_yD4,r31
t_yD4,r32
t_yD4,r33
t_yD4,r34
t_yD4,r35
t_yD5,r1
t_yD5,r2
t_yD5,r3
t_yD5,r4
t_yD5,r5
t_yD5,r6
t_yD5,r7
t_yD5,r8
t_yD5,r9
t_yD5,r10
t_yD5,r11
t_yD5,r12
t_yD5,r13
t_yD5,r14
t_yD5,r15
t_yD5,r16
t_yD5,r17
t_yD5,r18
t_yD5,r19
t_yD5,r20
t_yD5,r21
t_yD5,r22
t_yD5,r23
t_yD5,r24
t_yD5,r25
t_yD5,r26
t_yD5,r27
t_yD5,r28
t_yD5,r29
t_yD5,r30
t_yD5,r31
t_yD5,r32
t_yD5,r33
t_yD5,r34
t_yD5,r35
t_yD6,r1
t_yD6,r2
t_yD6,r3
t_yD6,r4
t_yD6,r5
t_yD6,r6
t_yD6,r7
t_yD6,r8
t_yD6,r9
t_yD6,r10
t_yD6,r11
t_yD6,r12
t_yD6,r13
t_yD6,r14
t_yD6,r15
t_yD6,r16
t_yD6,r17
t_yD6,r18
t_yD6,r19
t_yD6,r20
t_yD6,r21
t_yD6,r22
t_yD6,r23
t_yD6,r24
t_yD6,r25
t_yD6,r26
t_yD6,r27
t_yD6,r28
t_yD6,r29
t_yD6,r30
t_yD6,r31
t_yD6,r32
t_yD6,r33
t_yD6,r34
t_yD6,r35
t_yD7,r1
t_yD7,r2
t_yD7,r3
t_yD7,r4
t_yD7,r5
t_yD7,r6
t_yD7,r7
t_yD7,r8
t_yD7,r9
t_yD7,r10
t_yD7,r11
t_yD7,r12
t_yD7,r13
t_yD7,r14
t_yD7,r15
t_yD7,r16
t_yD7,r17
t_yD7,r18
t_yD7,r19
t_yD7,r20
t_yD7,r21
t_yD7,r22
t_yD7,r23
t_yD7,r24
t_yD7,r25
t_yD7,r26
t_yD7,r27
t_yD7,r28
t_yD7,r29
t_yD7,r30
t_yD7,r31
t_yD7,r32
t_yD7,r33
t_yD7,r34
t_yD7,r35
t_yD8,r1
t_yD8,r2
t_yD8,r3
t_yD8,r4
t_yD8,r5
t_yD8,r6
t_yD8,r7
t_yD8,r8
t_yD8,r9
t_yD8,r10
t_yD8,r11
t_yD8,r12
t_yD8,r13
t_yD8,r14
t_yD8,r15
t_yD8,r16
t_yD8,r17
t_yD8,r18
t_yD8,r19
t_yD8,r20
t_yD8,r21
t_yD8,r22
t_yD8,r23
t_yD8,r24
t_yD8,r25
t_yD8,r26
t_yD8,r27
t_yD8,r28
t_yD8,r29
t_yD8,r30
t_yD8,r31
t_yD8,r32
t_yD8,r33
t_yD8,r34
t_yD8,r35
t_yD9,r1
t_yD9,r2
t_yD9,r3
t_yD9,r4
t_yD9,r5
t_yD9,r6
t_yD9,r7
t_yD9,r8
t_yD9,r9
t_yD9,r10
t_yD9,r11
t_yD9,r12
t_yD9,r13
t_yD9,r14
t_yD9,r15
t_yD9,r16
t_yD9,r17
t_yD9,r18
t_yD9,r19
t_yD9,r20
t_yD9,r21
t_yD9,r22
t_yD9,r23
t_yD9,r24
t_yD9,r25
t_yD9,r26
t_yD9,r27
t_yD9,r28
t_yD9,r29
t_yD9,r30
t_yD9,r31
t_yD9,r32
t_yD9,r33
t_yD9,r34
t_yD9,r35
t_yD10,r1
t_yD10,r2
t_yD10,r3
t_yD10,r4
t_yD10,r5
t_yD10,r6
t_yD10,r7
t_yD10,r8
t_yD10,r9
t_yD10,r10
t_yD10,r11
t_yD10,r12
t_yD10,r13
t_yD10,r14
t_yD10,r15
t_yD10,r16
t_yD10,r17
t_yD10,r18
t_yD10,r19
t_yD10,r20
t_yD10,r21
t_yD10,r22
t_yD10,r23
t_yD10,r24
t_yD10,r25
t_yD10,r26
t_yD10,r27
t_yD10,r28
t_yD10,r29
t_yD10,r30
t_yD10,r31
t_yD10,r32
t_yD10,r33
t_yD10,r34
t_yD10,r35
