vol29,ex1,2024-11-28 00:00:00,2024-12-14 00:00:00,Audience Informatic Services
vol62,ex1,2024-11-28,2024-12-14,Audience Informatic Services
vol63,ex1,2024-11-28,2024-12-14,Audience Informatic Services
vol96,ex1,2024-11-28,2024-12-14,Audience Guidance
vol21,ex2,2024-11-10,2025-02-03,Audience Informatic Services
vol27,ex2,2024-11-10,2025-02-03,Administration Support
vol72,ex2,2024-11-10,2025-02-03,Audience Informatic Services
vol62,ex2,2024-11-10,2025-02-03,Audience Guidance
vol4,ex2,2024-11-10,2025-02-03,Audience Guidance
vol18,ex2,2024-11-10,2025-02-03,Administration Support
vol43,ex2,2024-11-10,2025-02-03,Audience Guidance
vol100,ex3,2024-11-27,2025-01-15,Audience Informatic Services
vol65,ex3,2024-11-27,2025-01-15,Audience Guidance
vol89,ex3,2024-11-27,2025-01-15,Audience Informatic Services
vol60,ex3,2024-11-27,2025-01-15,Audience Informatic Services
vol76,ex3,2024-11-27,2025-01-15,Administration Support
vol25,ex3,2024-11-27,2025-01-15,Audience Guidance
vol50,ex3,2024-11-27,2025-01-15,Administration Support
vol69,ex3,2024-11-27,2025-01-15,Administration Support
vol47,ex3,2024-11-27,2025-01-15,Audience Guidance
vol15,ex3,2024-11-27,2025-01-15,Audience Informatic Services
vol34,ex3,2024-11-27,2025-01-15,Audience Guidance
vol59,ex3,2024-11-27,2025-01-15,Audience Informatic Services
vol66,ex3,2024-11-27,2025-01-15,Administration Support
vol38,ex3,2024-11-27,2025-01-15,Administration Support
vol58,ex3,2024-11-27,2025-01-15,Administration Support
vol15,ex4,2024-10-16,2025-02-06,Administration Support
vol63,ex4,2024-10-16,2025-02-06,Audience Guidance
vol17,ex4,2024-10-16,2025-02-06,Audience Guidance
vol19,ex4,2024-10-16,2025-02-06,Audience Informatic Services
vol47,ex4,2024-10-16,2025-02-06,Audience Informatic Services
vol50,ex4,2024-10-16,2025-02-06,Audience Guidance
vol10,ex4,2024-10-16,2025-02-06,Administration Support
vol75,ex4,2024-10-16,2025-02-06,Audience Informatic Services
vol13,ex4,2024-10-16,2025-02-06,Audience Guidance
vol82,ex4,2024-10-16,2025-02-06,Audience Guidance
vol40,ex4,2024-10-16,2025-02-06,Administration Support
vol1,ex5,2024-10-10,2024-12-25,Administration Support
vol51,ex5,2024-10-10,2024-12-25,Administration Support
vol25,ex5,2024-10-10,2024-12-25,Administration Support
vol59,ex5,2024-10-10,2024-12-25,Audience Guidance
vol81,ex5,2024-10-10,2024-12-25,Audience Guidance
vol66,ex5,2024-10-10,2024-12-25,Administration Support
vol68,ex5,2024-10-10,2024-12-25,Administration Support
vol100,ex5,2024-10-10,2024-12-25,Audience Informatic Services
vol13,ex5,2024-10-10,2024-12-25,Audience Guidance
